,Unnamed: 0,PGC,GWGC,HyperLEDA,2MASS,SDSS-DR12,flag,RA,dec,Luminosity Distance,Distance Error,Redshift,Absolute B Magnitude,Luminosity_Rank,B Luminosity,Sector
185081,229663,,,,11145586-5623001,,G,168.732773,-56.38338100000001,223.291358536,,0.050615,-19.4274,0.09965209745492716,4644724937.550126,2828.0
190520,236454,,,,11012728-5438324,,G,165.363708,-54.642353,203.860463491,,0.04607,-19.8407,0.10200223824392887,6796416725.740911,2828.0
190521,236455,,,,11013610-5507255,,G,165.400421,-55.123753,174.407110375,,0.039734,-19.7968,0.1020024794612832,6527095995.325016,2828.0
190523,236459,,,,11051528-5459378,,G,166.313705,-54.99384300000001,239.978292797,,0.054205,-19.8539,0.10200356424000924,6879549502.324524,2828.0
190524,236461,,,,11082206-5535419,,G,167.091934,-55.594975,217.451288253,,0.049263,-20.1258,0.10200408891788433,8837308175.125134,2828.0
190525,236462,,,,11082659-5547548,,G,167.11080900000005,-55.79858,95.93717320209998,,0.022364,-19.8639,0.1020043455130972,6943205190.128466,2828.0
190526,236463,,,,11081449-5547499,,G,167.06041000000005,-55.797195,208.23734199,,0.047068,-20.5298,0.10200481932781827,12820943903.880934,2828.0
