,Unnamed: 0,PGC,GWGC,HyperLEDA,2MASS,SDSS-DR12,flag,RA,dec,Luminosity Distance,Distance Error,Redshift,Absolute B Magnitude,Luminosity_Rank,B Luminosity,Sector
16560,17106,,,2815237,19215160+2706016,,G,290.465027,27.100447,110.432865189,,0.011754,-20.4235,0.010724318215121329,11625188403.280016,852.0
147629,181691,,,2815287,19241782+2814489,,G,291.07428,28.246943,202.57103603599998,,0.045514,-19.8349,0.08321700396731374,6760207087.162813,852.0
147631,181693,,,2815350,19264955+2900263,,G,291.706482,29.00733,84.5128108949,,0.018586,-18.5746,0.08321741126516749,2117580845.9084766,852.0
200402,248944,,,,19214228+2715495,,G,290.4262080000001,27.263765000000006,197.18488997,,0.044359,-19.6024,0.10621631161304587,5457075972.494285,852.0
325395,430246,,,,19312753+2932401,,G,292.864746,29.544477,238.81836515,,0.053518,-19.6843,0.13515689485220966,5884641361.768461,852.0
