,Unnamed: 0,PGC,GWGC,HyperLEDA,2MASS,SDSS-DR12,flag,RA,dec,Luminosity Distance,Distance Error,Redshift,Absolute B Magnitude,Luminosity_Rank,B Luminosity,Sector
46726,48324,3085285.0,PGC3085285,PGC3085285,09363929-5437078,,G,144.163727,-54.61884300000001,35.91599379210001,,0.00804930402465,-17.4014,0.026529642765177396,718720446.4208825,2779.0
227516,279850,2807081.0,PGC2807081,PGC2807081,,,G,144.275,-54.6227,36.3152497828,,0.00817425408713,-20.0704,0.11271732504711532,8397693119.839359,2779.0
227517,279851,2807083.0,PGC2807083,PGC2807083,,,G,147.004,-54.6568,37.1747126225,,0.008439904219949999,-20.0512,0.11271762995492615,8250494896.7081375,2779.0
227518,279852,2807084.0,PGC2807084,PGC2807084,,,G,147.429,-56.5355,17.396771627,,0.005196452598229999,-19.4523,0.11271780558890893,4752476740.224511,2779.0
