,Unnamed: 0,PGC,GWGC,HyperLEDA,2MASS,SDSS-DR12,flag,RA,dec,Luminosity Distance,Distance Error,Redshift,Absolute B Magnitude,Luminosity_Rank,B Luminosity,Sector
227521,279855,2807087.0,PGC2807087,PGC2807087,,,G,163.425,-62.8416,18.1943033117,,0.00544089272045,-18.2897,0.11271829620554726,1628845903.699374,2908.0
