,Unnamed: 0,PGC,GWGC,HyperLEDA,2MASS,SDSS-DR12,flag,RA,dec,Luminosity Distance,Distance Error,Redshift,Absolute B Magnitude,Luminosity_Rank,B Luminosity,Sector
216203,268239,,,HIZOAJ0926-52,09261553-5232357,,G,141.564743,-52.543259,95.68458590190001,,0.0227266313633,-19.3062,0.11208284288355164,4154129203.294032,2728.0
