,Unnamed: 0,PGC,GWGC,HyperLEDA,2MASS,SDSS-DR12,flag,RA,dec,Luminosity Distance,Distance Error,Redshift,Absolute B Magnitude,Luminosity_Rank,B Luminosity,Sector
227782,280227,3096552.0,PGC3096552,PGC3096552,,,G,264.368,-29.1339,93.2750213599,,0.0204842502421,-16.5488,0.11273294405882575,327732869.11403435,2255.0
