,Unnamed: 0,PGC,GWGC,HyperLEDA,2MASS,SDSS-DR12,flag,RA,dec,Luminosity Distance,Distance Error,Redshift,Absolute B Magnitude,Luminosity_Rank,B Luminosity,Sector
22182,22836,,,6dFJ1757018-491641,17570183-4916416,,G,269.257629,-49.278236,118.169414248,,0.025918,-19.2955,0.014276003655981076,4113391061.5245523,2693.0
156100,192086,,,,17472120-4745474,,G,266.838348,-47.763187,186.58576415099998,,0.042598,-19.9334,0.08689909515858027,7402186106.986465,2693.0
171123,211464,,,,17573811-4956136,,G,269.408813,-49.937126,147.894936172,,0.033977,-18.5268,0.09348683244865527,2026375845.4920516,2693.0
311553,394989,,,6dFJ1756076-485715,,,G,269.031,-48.95425,120.934449893,,0.0282290541145,-16.5928,0.1219670873757617,341287199.73316914,2693.0
322225,417867,,,6dFJ1749461-493238,17494613-4932383,,G,267.44223,-49.543987,241.463590912,,0.054088,-20.9483,0.12936584640097964,18850375248.859352,2693.0
322226,417868,,,6dFJ1748003-483625,17480029-4836244,,G,267.001221,-48.606785,225.101771598,,0.050555,-20.4939,0.12936630480513925,12403949801.812742,2693.0
322227,417869,,,6dFJ1752385-485347,17523842-4853469,,G,268.160095,-48.896381,234.261457045,,0.052535000000000005,-19.6095,0.12936650780163916,5492878591.960486,2693.0
