,Unnamed: 0,PGC,GWGC,HyperLEDA,2MASS,SDSS-DR12,flag,RA,dec,Luminosity Distance,Distance Error,Redshift,Absolute B Magnitude,Luminosity_Rank,B Luminosity,Sector
194879,242010,,,,19420923+3250422,,G,295.538483,32.845078,136.89964460299998,,0.031373000000000005,-19.741,0.10392084208712032,6200118642.087255,725.0
