,Unnamed: 0,PGC,GWGC,HyperLEDA,2MASS,SDSS-DR12,flag,RA,dec,Luminosity Distance,Distance Error,Redshift,Absolute B Magnitude,Luminosity_Rank,B Luminosity,Sector
7386,7870,,,ESO279-011,17561497-4243159,,G,269.062378,-42.721096,92.53129119350001,,0.0202013801007,-21.6164,0.0048413896704054115,34878676747.94415,2575.0
156064,192039,,,,17584973-4438045,,G,269.707245,-44.634594,179.32213304799996,,0.041195,-18.7762,0.08688817945491269,2549646669.527375,2575.0
