,Unnamed: 0,PGC,GWGC,HyperLEDA,2MASS,SDSS-DR12,flag,RA,dec,Luminosity Distance,Distance Error,Redshift,Absolute B Magnitude,Luminosity_Rank,B Luminosity,Sector
114391,134651,,,HIZOAJ0831-42,08313400-4228094,,G,127.891685,-42.469284,117.334597845,,0.0269841734921,-16.8171,0.06365197084252787,419604367.54948735,2550.0
212543,263810,,,,08230482-4432281,,G,125.770088,-44.541157,47.4915365407,,0.011154,-19.2921,0.11087361082253512,4100530060.449818,2550.0
221038,273320,538615.0,PGC538615,PGC538615,,,G,126.629,-44.31466,7.30771631224,,0.00254394127197,-10.5489,0.1125490773416571,1304848.2276324134,2550.0
