,Unnamed: 0,PGC,GWGC,HyperLEDA,2MASS,SDSS-DR12,flag,RA,dec,Luminosity Distance,Distance Error,Redshift,Absolute B Magnitude,Luminosity_Rank,B Luminosity,Sector
3995,4471,,,140749,17131541-2502266,,G,258.31424,-25.040747,124.109113928,,0.0287427143714,-18.77,0.0025816552636199483,2535128630.497907,2254.0
5883,6361,89014.0,PGC089014,PGC089014,17114504-2544504,,G,257.937683,-25.747351,97.4930579025,,0.0199941099971,-18.7249,0.0038507522099404147,2431980005.1219645,2254.0
112919,132486,,,3097088,17160818-2459102,,G,259.034119,-24.986172,118.57574596,,0.0269841734921,-18.957,0.06294227995255519,3011618803.0788336,2254.0
112922,132489,,,3097112,17161870-2458491,,G,259.077942,-24.980312,123.402349566,,0.0283565241783,-19.8186,0.0629427854057512,6659475108.940372,2254.0
112992,132584,,,3099071,17140877-2456311,,G,258.53656,-24.941982,117.758673358,,0.0267418333709,-18.115,0.0629863373595541,1386755828.8718867,2254.0
220104,272361,140767.0,PGC140767,PGC140767,,,G,259.673,-27.8377,103.60930539200001,,0.022889381444700003,-18.567,0.11247261201267986,2102809837.0377445,2254.0
238793,293450,140766.0,PGC140766,,,,G,259.60900000000004,-27.7687,103.622634712,,0.022889381444700003,-18.7373,0.11403376765211047,2459914429.4263525,2254.0
