,Unnamed: 0,PGC,GWGC,HyperLEDA,2MASS,SDSS-DR12,flag,RA,dec,Luminosity Distance,Distance Error,Redshift,Absolute B Magnitude,Luminosity_Rank,B Luminosity,Sector
20206,20813,,,203164,19001580-1412185,,G,285.065857,-14.205155,194.25495612400002,,0.0438098019049,-19.6669,0.013058229713818868,5791085807.553337,1938.0
123652,145968,,,203371,19053855-1405488,,G,286.4106450000001,-14.096901999999998,161.872279448,,0.036939,-20.0299,0.06923716462876875,8090213821.238239,1938.0
123653,145969,,,203399,19061279-1421344,,G,286.553314,-14.359578,122.262035505,,0.027845,-19.4505,0.06923733997181598,4744604320.607667,1938.0
326091,432477,,,,19034951-1501003,,G,285.956299,-15.016768,236.546081708,,0.053028,-20.4446,0.13613513260266127,11853319752.777231,1938.0
