,Unnamed: 0,PGC,GWGC,HyperLEDA,2MASS,SDSS-DR12,flag,RA,dec,Luminosity Distance,Distance Error,Redshift,Absolute B Magnitude,Luminosity_Rank,B Luminosity,Sector
4181,4657,61837.0,ESO395-004,ESO395-004,18242335-3410546,,G,276.097321,-34.18185,72.5352508296,,0.0156981378491,-18.0927,0.002712608054072384,1358563680.217318,2385.0
6984,7464,,,165771,18262863-3132588,,G,276.619293,-31.549686,121.229418238,,0.0274753637377,-20.112,0.00455998348276535,8725694427.70122,2385.0
21138,21766,,,ESO395-009,18295504-3328161,,G,277.47934,-33.471142,200.44758827,,0.0447968023984,-21.174,0.013634776636257574,23205984615.989246,2385.0
43520,45049,206630.0,PGC206630,PGC206630,18311574-3321515,,G,277.815613,-33.364329999999995,82.30652140560001,,0.0184548092274,-17.7472,0.025755790885884627,988279985.0758332,2385.0
46468,48066,2817103.0,PGC2817103,PGC2817103,18222369-3535036,,G,275.598724,-35.584335,77.9077813029,,0.0175184187592,-18.0579,0.026458958356657312,1315709468.1948113,2385.0
117878,138528,,,6dFJ1824500-344036,18245006-3440355,,G,276.208588,-34.676552,196.41552303400002,,0.0445977222989,-17.9459,0.06576030611523863,1186752075.7055964,2385.0
321465,414612,,,206822,18330073-3248559,,G,278.253052,-32.815544,229.087,,0.0514170557085,-20.01,0.1278438930289602,7943282347.242822,2385.0
