,Unnamed: 0,PGC,GWGC,HyperLEDA,2MASS,SDSS-DR12,flag,RA,dec,Luminosity Distance,Distance Error,Redshift,Absolute B Magnitude,Luminosity_Rank,B Luminosity,Sector
50152,51764,4586780.0,HIZOAJ1913+16,HIZOAJ1913+16,19135226+1655279,,G,288.467773,16.924423,92.770326725,,0.0204748002374,-17.017,0.02749273453791954,504428945.952414,1107.0
150017,184625,,,2MFGC14688,19004514+1741359,,G,285.18811,17.693327,146.713853919,,0.033627,-18.1014,0.08441228361685918,1369493577.8520038,1107.0
177156,219419,,,,18591376+1622061,,G,284.807373,16.368385,31.930922236300002,,0.006765,-17.3101,0.09621776138352693,660754302.9254032,1107.0
177461,219861,,,,18595946+1705055,,G,284.997772,17.084881,111.844904964,,0.025521,-17.9601,0.09637445702230234,1202375172.3635967,1107.0
177462,219862,,,,19010219+1733096,,G,285.259125,17.552685,89.7307187097,,0.019711000000000003,-18.4777,0.09637452859848784,1936778698.9099429,1107.0
