,Unnamed: 0,PGC,GWGC,HyperLEDA,2MASS,SDSS-DR12,flag,RA,dec,Luminosity Distance,Distance Error,Redshift,Absolute B Magnitude,Luminosity_Rank,B Luminosity,Sector
49252,50863,51925.0,ESO175-009,ESO175-009,14315891-5528000,,G,217.995483,-55.466667,31.333005557699998,,0.00910203455102,-19.11,0.027214921018269143,3467368504.525324,2834.0
114314,134560,,,2MIG1965,14193375-5808521,,G,214.89064,-58.147812,58.261894348,,0.0124737962369,-16.9779,0.06362823697768745,486586437.74215066,2834.0
216207,268243,,,HIZOAJ1420-58,14204296-5806485,,G,215.179031,-58.113476,75.8121395389,,0.017629928814999998,-20.2137,0.11208334939038103,9582525861.27844,2834.0
227377,279677,2800413.0,PGC2800413,PGC2800413,,,G,214.917,-58.1738,57.054901097700004,,0.0121256160628,-20.1815,0.112701944703612,9302506882.321327,2834.0
