,Unnamed: 0,PGC,GWGC,HyperLEDA,2MASS,SDSS-DR12,flag,RA,dec,Luminosity Distance,Distance Error,Redshift,Absolute B Magnitude,Luminosity_Rank,B Luminosity,Sector
43795,45329,441974.0,PGC441974,PGC441974,16522284-5234015,,G,253.0952,-52.567089,64.5281234949,,0.0137524868762,-18.5787,0.025836641935976564,2125592455.8130848,2744.0
220917,273199,442965.0,PGC442965,PGC442965,,,G,252.999,-52.50575,66.7076715775,,0.0144725772363,-20.9609,0.11254404175676676,19070408675.49974,2744.0
