,Unnamed: 0,PGC,GWGC,HyperLEDA,2MASS,SDSS-DR12,flag,RA,dec,Luminosity Distance,Distance Error,Redshift,Absolute B Magnitude,Luminosity_Rank,B Luminosity,Sector
47598,48091,3075249.0,PGC3075249,PGC3075249,13314873-6516385,,G,202.953049,-65.277367,31.2247011384,,0.00822864411432,-17.6925,0.026465560127653574,939723310.5646355,2912.0
