,Unnamed: 0,PGC,GWGC,HyperLEDA,2MASS,SDSS-DR12,flag,RA,dec,Luminosity Distance,Distance Error,Redshift,Absolute B Magnitude,Luminosity_Rank,B Luminosity,Sector
83030,83523,,,66199,21085630+4451164,,G,317.234589,44.854557,31.302679893,,0.00642768321384,-14.9379,0.03960278891976599,74329292.66938828,472.0
