,Unnamed: 0,PGC,GWGC,HyperLEDA,2MASS,SDSS-DR12,flag,RA,dec,Luminosity Distance,Distance Error,Redshift,Absolute B Magnitude,Luminosity_Rank,B Luminosity,Sector
48146,48639,4586783.0,PGC4586783,PGC4586783,19061820+1256195,,G,286.575867,12.938763,41.1760068584,,0.00922971461486,-18.3322,0.02660169855735824,1693869702.2850485,1235.0
