,Unnamed: 0,PGC,GWGC,HyperLEDA,2MASS,SDSS-DR12,flag,RA,dec,Luminosity Distance,Distance Error,Redshift,Absolute B Magnitude,Luminosity_Rank,B Luminosity,Sector
270599,271217,90278.0,PGC090278,PGC090278,,,G,263.118,-43.2666,27.1425552012,,0.007240803620399998,-15.9883,0.11237882162564572,195577999.6952412,2574.0
279372,280271,3097188.0,PGC3097188,PGC3097188,,,G,259.925,-41.28831,52.136043172799994,,0.012074586037299998,-16.8757,0.11273812967422556,442873811.63627833,2574.0
