,Unnamed: 0,PGC,GWGC,HyperLEDA,2MASS,SDSS-DR12,flag,RA,dec,Luminosity Distance,Distance Error,Redshift,Absolute B Magnitude,Luminosity_Rank,B Luminosity,Sector
48068,48561,3099011.0,PGC3099011,PGC3099011,16161676-4003142,,G,244.06987,-40.05397,79.8330604757,,0.017774,-20.1459,0.02658783322287239,9002435117.495995,2571.0
106238,106731,,,90240,16201973-4231341,,G,245.082214,-42.52615,160.414210509,,0.036636618318300014,-18.5762,0.051677246515045995,2120703728.825464,2571.0
134172,134665,,,HIZOAJ1625-42,16253019-4227101,,G,246.375809,-42.45282,27.4107611969,,0.00764967382484,-16.0016,0.06365255410099753,197988515.79436412,2571.0
279370,280269,3097185.0,PGC3097185,PGC3097185,,,G,246.138,-42.48457,25.2658440537,,0.007123413561710002,-20.0527,0.112738081143357,8261901254.061797,2571.0
404619,423100,,,,16084573-4139285,,G,242.190567,-41.657936,276.929131925,,0.061687,-20.4878,0.1320161366225022,12334455997.622335,2571.0
405093,423574,,,,16190248-3848052,,G,244.76034500000003,-38.80146,221.50501742400002,,0.049776,-20.3749,0.1322316199081169,11116293377.207735,2571.0
406151,424632,,,,16100452-4138359,,G,242.51886,-41.643322,271.936213167,,0.060622,-20.5553,0.13268720789229552,13125625233.464777,2571.0
841666,862356,,,,16190556-3849512,,G,244.773193,-38.830906,395.608926223,,0.086563,-20.8643,0.4471596309329117,17446969425.464386,2571.0
857417,878153,,,,16131435-4031163,,G,243.30979900000003,-40.52121,366.043158708,,0.080442,-20.4767,0.4583316435407596,12208997364.908054,2571.0
