,Unnamed: 0,PGC,GWGC,HyperLEDA,2MASS,SDSS-DR12,flag,RA,dec,Luminosity Distance,Distance Error,Redshift,Absolute B Magnitude,Luminosity_Rank,B Luminosity,Sector
42819,43312,90263.0,PGC090263,PGC090263,16565885-3443206,,G,254.245209,-34.722396999999994,84.6805574237,,0.0187322193661,-18.4289,0.025262715824979454,1851654692.084461,2445.0
47517,48010,2801252.0,PGC2801252,PGC2801252,16540803-3534375,,G,253.533463,-35.577099,89.5892128082,,0.0199250199625,-19.2853,0.02644150641788361,4074928566.8732796,2445.0
