,Unnamed: 0,PGC,GWGC,HyperLEDA,2MASS,SDSS-DR12,flag,RA,dec,Luminosity Distance,Distance Error,Redshift,Absolute B Magnitude,Luminosity_Rank,B Luminosity,Sector
26914,27402,,,202945,18514906-1740197,,G,282.954437,-17.67214,215.60364638,,0.0483178741589,-21.3423,0.017081932211569676,27096924421.21289,2002.0
396038,414519,,,166565,18532320-1733228,,G,283.34668,-17.556351,225.944,,0.05073728536859999,-20.81,0.12778728760291505,16595869074.375563,2002.0
