,Unnamed: 0,PGC,GWGC,HyperLEDA,2MASS,SDSS-DR12,flag,RA,dec,Luminosity Distance,Distance Error,Redshift,Absolute B Magnitude,Luminosity_Rank,B Luminosity,Sector
134068,134561,,,2MIG2304,16463421-3903086,,G,251.642578,-39.052406,93.1466258825,,0.0210426405213,-17.9968,0.06362828294070676,1243712502.1467025,2509.0
134185,134678,,,HIZOAJ1650-37,16500224-3712073,,G,252.509369,-37.20203,113.444837291,,0.0261450130725,-19.6759,0.06365439975038327,5839289402.9917755,2509.0
279371,280270,3097187.0,PGC3097187,PGC3097187,,,G,253.271,-37.95631,73.4233810386,,0.016432088216,-17.6092,0.11273811330724565,870322076.6381394,2509.0
