,Unnamed: 0,PGC,GWGC,HyperLEDA,2MASS,SDSS-DR12,flag,RA,dec,Luminosity Distance,Distance Error,Redshift,Absolute B Magnitude,Luminosity_Rank,B Luminosity,Sector
246818,247311,,,,09140255-4539558,,G,138.510666,-45.665524,85.8329727292,,0.020256,-20.0273,0.10571141497297412,8070863457.558302,2673.0
265698,266191,,,,09040201-4721575,,G,136.008408,-47.36597800000001,262.612265107,,0.059018,-19.7396,0.11159739524365267,6192129065.83879,2673.0
267712,268205,,,2MFGC07103,09072046-4814397,,G,136.835281,-48.244366,71.7352891544,,0.0166941683471,-19.2137,0.11207666881987413,3814872257.3892703,2673.0
267745,268238,,,HIZOAJ0917-49,09171962-4925249,,G,139.33178700000002,-49.423611,103.684839003,,0.024322002161,-19.4806,0.11208268936228327,4877979827.601946,2673.0
267751,268244,,,HIZOAJ0921-48,09212066-4806249,,G,140.336121,-48.106941,98.8989377825,,0.0232465916233,-20.791,0.1120839520728376,16307973610.235962,2673.0
