,Unnamed: 0,PGC,GWGC,HyperLEDA,2MASS,SDSS-DR12,flag,RA,dec,Luminosity Distance,Distance Error,Redshift,Absolute B Magnitude,Luminosity_Rank,B Luminosity,Sector
278995,279752,2802327.0,PGC2802327,PGC2802327,,,G,306.886,38.944,65.91810599109999,,0.0141869770935,-17.885,0.11271216464454413,1122018454.3019652,599.0
