,Unnamed: 0,PGC,GWGC,HyperLEDA,2MASS,SDSS-DR12,flag,RA,dec,Luminosity Distance,Distance Error,Redshift,Absolute B Magnitude,Luminosity_Rank,B Luminosity,Sector
279378,280278,3097202.0,PGC3097202,PGC3097202,,,G,294.385,23.74375,63.5375711602,,0.013489146744600002,-17.3052,0.11273847142752084,657778993.5645841,916.0
