,Unnamed: 0,PGC,GWGC,HyperLEDA,2MASS,SDSS-DR12,flag,RA,dec,Luminosity Distance,Distance Error,Redshift,Absolute B Magnitude,Luminosity_Rank,B Luminosity,Sector
199175,199668,,,,19314191+2955314,,G,292.924652,29.925413,206.42249168,,0.046329,-19.3178,0.08950139638512224,4198749837.097256,788.0
223431,223924,,,,19330172+3033017,,G,293.257202,30.550493,133.491634679,,0.030714,-19.6903,0.09778974242461673,5917251112.796846,788.0
403797,422278,,,2815460,19320569+3007175,,G,293.023712,30.121555,270.826105108,,0.060385,-19.9885,0.1316185714441777,7787534792.924744,788.0
816950,837583,,,2815475,19330427+3040007,,G,293.267822,30.666885,376.05877535,,0.082521,-20.4033,0.4292124242954482,11410902642.584087,788.0
