,Unnamed: 0,PGC,GWGC,HyperLEDA,2MASS,SDSS-DR12,flag,RA,dec,Luminosity Distance,Distance Error,Redshift,Absolute B Magnitude,Luminosity_Rank,B Luminosity,Sector
266855,267348,3076953.0,PGC3076953,PGC3076953,14581431-5511360,,G,224.559662,-55.193359,71.5419252465,,0.016144388072200002,-18.0108,0.11194390926255987,1259853364.1461086,2835.0
278931,279679,2800415.0,PGC2800415,PGC2800415,,,G,222.049,-57.60826,67.5588919528,,0.014925967463,-20.0984,0.11270233331233415,8617077521.68367,2835.0
278933,279681,2800417.0,PGC2800417,PGC2800417,,,G,223.246,-56.7638,34.9484699849,,0.0100476650238,-19.5271,0.11270331786791972,5091432611.909557,2835.0
278934,279682,2800418.0,PGC2800418,PGC2800418,,,G,224.64,-55.1335,71.7221048382,,0.0162012981006,-20.8783,0.11270397101133045,17673395649.626495,2835.0
278936,279684,2800420.0,PGC2800420,PGC2800420,,,G,226.104,-55.481,72.41216531159999,,0.016372028186,-20.0391,0.11270460853165767,8159057616.862009,2835.0
