,Unnamed: 0,PGC,GWGC,HyperLEDA,2MASS,SDSS-DR12,flag,RA,dec,Luminosity Distance,Distance Error,Redshift,Absolute B Magnitude,Luminosity_Rank,B Luminosity,Sector
10064,10543,,,202876,18471621-2116534,,G,281.817566,-21.281502,134.71251148,,0.0306127653064,-20.321,0.00654348123151181,10577913224.995008,2130.0
11769,12249,,,2MFGC14602,18494179-2058461,,G,282.424164,-20.979488,112.90994545,,0.0257934728967,-19.4247,0.007641291470619113,4633188823.098747,2130.0
13208,13691,,,202883,18480041-2305314,,G,282.00174,-23.092083,134.173828899,,0.0304754252377,-20.3123,0.008576350798301437,10493491135.977942,2130.0
14458,14942,,,202857,18455660-2135036,,G,281.4858700000001,-21.584341,133.110211275,,0.0302022151011,-20.2951,0.009354131587214341,10328565309.82713,2130.0
15899,16383,,,202781,18424365-2204447,,G,280.681915,-22.079094,127.94552876,,0.0290026945013,-20.2091,0.010277689202225966,9542012914.21619,2130.0
21916,22402,,,208511,18472685-2331404,,G,281.861908,-23.527893,165.067020472,,0.0376347488174,-19.3703,0.014022416559365064,4406766101.330605,2130.0
100881,101374,,,202719,18400194-2254322,,G,280.008118,-22.908947,126.655734346,,0.0288724944362,-20.1871,0.048943171660461735,9350611214.346188,2130.0
400147,418628,,,202996,18532707-2237189,,G,283.362793,-22.621943,256.026591804,,0.057218,-19.7994,0.1297825053358782,6542745086.893393,2130.0
849193,869908,,,,18515966-2231092,,G,282.998596,-22.519236,286.292262151,,0.06368,-20.048,0.4525178040016558,8226213938.831077,2130.0
