,Unnamed: 0,PGC,GWGC,HyperLEDA,2MASS,SDSS-DR12,flag,RA,dec,Luminosity Distance,Distance Error,Redshift,Absolute B Magnitude,Luminosity_Rank,B Luminosity,Sector
222716,223209,,,,22094942+5945262,,G,332.455933,59.757301,22.8418527848,,0.004131,-18.3767,0.09753661356160616,1764737035.217034,260.0
409656,428137,,,,22031619+5735099,,G,330.817474,57.58609000000001,251.739522195,,0.056298,-21.0468,0.13423949064616691,20640489851.79079,260.0
