,Unnamed: 0,PGC,GWGC,HyperLEDA,2MASS,SDSS-DR12,flag,RA,dec,Luminosity Distance,Distance Error,Redshift,Absolute B Magnitude,Luminosity_Rank,B Luminosity,Sector
213607,214100,,,,12034370-6832081,,G,180.932098,-68.535599,161.048069565,,0.037011,-19.3818,0.09441065056955084,4453690157.98739,2944.0
279077,279860,2807092.0,PGC2807092,PGC2807092,,,G,183.404,-65.5605,21.6846224906,,0.00621516310758,-18.5708,0.11271871770236574,2110182417.114467,2944.0
1003383,1024419,,,,12001389-6922014,,G,180.057907,-69.367073,619.261002667,,0.131404,-20.2944,0.5639572487322897,10321908383.853027,2944.0
1003384,1024420,,,,12000814-6916575,,G,180.033951,-69.282639,407.29476017300004,,0.088969,-21.0025,0.5639579810314731,19815270258.05101,2944.0
1006578,1027631,,,,12191950-6805585,,G,184.831284,-68.099586,398.75752305099996,,0.087212,-20.9165,0.5663569860447277,18306275753.62365,2944.0
1073752,1095025,,,,12024538-6846508,,G,180.689102,-68.780792,323.647095175,,0.071578,-20.5764,0.6147664791446268,13383200981.36923,2944.0
