,Unnamed: 0,PGC,GWGC,HyperLEDA,2MASS,SDSS-DR12,flag,RA,dec,Luminosity Distance,Distance Error,Redshift,Absolute B Magnitude,Luminosity_Rank,B Luminosity,Sector
7391,7870,,,ESO279-011,17561497-4243159,,G,269.062378,-42.721096,92.53129119350001,,0.0202013801007,-21.6164,0.0048413896704054115,34878676747.94415,2575.0
191546,192039,,,,17584973-4438045,,G,269.707245,-44.634594,179.32213304799996,,0.041195,-18.7762,0.08688817945491269,2549646669.527375,2575.0
403726,422207,,,2801958,17593930-4400069,,G,269.913757,-44.001923,258.036870283,,0.057649,-20.4704,0.13159088820703982,12138359617.935259,2575.0
428871,449497,4077767.0,6dFJ1759191-444354,6dFJ1759191-444354,17591908-4443535,,G,269.829529,-44.731548,309.94639462099997,,0.068691,-20.6994,0.1407521809390664,14988563079.869328,2575.0
843501,864209,,,,17595539-4345159,,G,269.980804,-43.754425,576.3416005380001,,0.12298599999999997,-21.2874,0.4484275261553527,25760838799.82125,2575.0
843502,864210,,,,17593605-4359459,,G,269.900238,-43.996086,344.476842987,,0.075946,-20.7938,0.4484281303940701,16350084443.17545,2575.0
843503,864211,,,,17594310-4358199,,G,269.929596,-43.972206,667.728609878,,0.140812,-20.764,0.4484287182738864,15907429237.502163,2575.0
