,Unnamed: 0,PGC,GWGC,HyperLEDA,2MASS,SDSS-DR12,flag,RA,dec,Luminosity Distance,Distance Error,Redshift,Absolute B Magnitude,Luminosity_Rank,B Luminosity,Sector
42744,43237,87388.0,PGC087388,PGC087388,21514071+5326542,,G,327.919647,53.448391,73.2826688658,,0.0158312779156,-18.115,0.025241816260085467,1386755828.8718867,307.0
270399,270984,86598.0,PGC086598,PGC086598,,,G,324.061,52.9581,89.27969255139999,,0.020213980107,-18.5438,0.1123450033641608,2058353679.049404,307.0
