,Unnamed: 0,PGC,GWGC,HyperLEDA,2MASS,SDSS-DR12,flag,RA,dec,Luminosity Distance,Distance Error,Redshift,Absolute B Magnitude,Luminosity_Rank,B Luminosity,Sector
271661,272366,140953.0,PGC140953,PGC140953,,,G,318.377,46.7074,39.2550164233,,0.00857682428841,-20.1295,0.11247311551366457,8867475556.540436,413.0
278996,279753,2802328.0,PGC2802328,PGC2802328,,,G,316.642,47.1961,59.2462362495,,0.0126247863124,-17.6433,0.11271219783464324,898090288.1466423,413.0
304136,307818,,,66336,,,G,318.067,45.52095,20.415685158800002,,0.0032001916001,-15.1198,0.11572297865354947,87886060.98120375,413.0
