,Unnamed: 0,PGC,GWGC,HyperLEDA,2MASS,SDSS-DR12,flag,RA,dec,Luminosity Distance,Distance Error,Redshift,Absolute B Magnitude,Luminosity_Rank,B Luminosity,Sector
44096,44589,166597.0,PGC166597,PGC166597,19172078+0243008,,G,289.336609,2.716893,96.0523956761,,0.0213257206629,-21.9425,0.025626966826627268,47097732639.69529,1427.0
51403,51896,86293.0,PGC086293,,19173769+0426248,,G,289.4070430000001,4.440236,93.6646696611,,0.0207135703568,-22.5479,0.02753906407027722,82254563114.1818,1427.0
270384,270969,86294.0,PGC086294,PGC086294,,,G,290.165,6.1746,95.0820092199,,0.021058810529400004,-18.6805,0.11234390518116216,2334532906.903994,1427.0
