,Unnamed: 0,PGC,GWGC,HyperLEDA,2MASS,SDSS-DR12,flag,RA,dec,Luminosity Distance,Distance Error,Redshift,Absolute B Magnitude,Luminosity_Rank,B Luminosity,Sector
12788,13271,58959.0,ESO453-003,ESO453-003,16463543-3135214,,G,251.647644,-31.589302000000004,99.1251830551,,0.0211029105515,-18.7609,0.008312101520831512,2513969474.350216,2381.0
50538,51031,59294.0,ESO453-011,ESO453-011,16564248-3137161,,G,254.177032,-31.621162,99.0630747792,,0.022093901047,-18.7596,0.02726558333911712,2510961188.79566,2381.0
