,Unnamed: 0,PGC,GWGC,HyperLEDA,2MASS,SDSS-DR12,flag,RA,dec,Luminosity Distance,Distance Error,Redshift,Absolute B Magnitude,Luminosity_Rank,B Luminosity
267741,268234,,,HIZOAJ1228-60,12280968-6054558,,G,187.040344,-60.915512,69.8944655713,,0.0160246880123,-17.4202,0.11208228166007556,731273776.6851037
267742,268235,,,HIZOAJ1229-61,12294880-6107045,,G,187.453354,-61.117924,75.6537075088,,0.017233868616900003,-17.5922,0.11208231332427772,856801069.6356478
