,Unnamed: 0,PGC,GWGC,HyperLEDA,2MASS,SDSS-DR12,flag,RA,dec,Luminosity Distance,Distance Error,Redshift,Absolute B Magnitude,Luminosity_Rank,B Luminosity,Sector
267736,268229,,,2MIG2613,19124699+0256056,,G,288.195801,2.93491,99.14736489959999,,0.0221176310588,-18.1324,0.1120820565976528,1409159004.104059,1491.0
