,Unnamed: 0,PGC,GWGC,HyperLEDA,2MASS,SDSS-DR12,flag,RA,dec,Luminosity Distance,Distance Error,Redshift,Absolute B Magnitude,Luminosity_Rank,B Luminosity
278930,279678,2800414.0,PGC2800414,PGC2800414,,,G,219.008,-63.1252,13.279184581700001,,0.00465276232638,-18.4559,0.11270201485698385,1898278810.6700046
