,Unnamed: 0,PGC,GWGC,HyperLEDA,2MASS,SDSS-DR12,flag,RA,dec,Luminosity Distance,Distance Error,Redshift,Absolute B Magnitude,Luminosity_Rank,B Luminosity
939,1413,54422.0,ESO099-002,ESO099-002,15145265-6348205,,G,228.719391,-63.80571,36.8708317735,,0.00837270418635,-19.3534,0.0006000153519631612,4338703778.140298
278935,279683,2800419.0,PGC2800419,PGC2800419,,,G,225.342,-60.7143,64.1686797961,,0.0137650868825,-20.1566,0.11270430700303095,9091593301.729315
278938,279686,2800422.0,PGC2800422,PGC2800422,,,G,227.042,-60.7638,65.1287584793,,0.0139809669905,-20.1589,0.11270523862806076,9110873149.35615
278939,279687,2800425.0,PGC2800425,PGC2800425,,,G,228.708,-60.5591,71.8935056678,,0.0160209080105,-20.0734,0.1127055498344823,8420928890.050939
