,Unnamed: 0,PGC,GWGC,HyperLEDA,2MASS,SDSS-DR12,flag,RA,dec,Luminosity Distance,Distance Error,Redshift,Absolute B Magnitude,Luminosity_Rank,B Luminosity
270399,270984,86598.0,PGC086598,PGC086598,,,G,324.061,52.9581,89.27969255139999,,0.020213980107,-18.5438,0.1123450033641608,2058353679.049404
278997,279754,2802329.0,PGC2802329,PGC2802329,,,G,321.915,53.17926,23.3688133281,,0.00415338207669,-22.6332,0.11271548611281695,88977459185.108
