,Unnamed: 0,PGC,GWGC,HyperLEDA,2MASS,SDSS-DR12,flag,RA,dec,Luminosity Distance,Distance Error,Redshift,Absolute B Magnitude,Luminosity_Rank,B Luminosity
6341,6817,,,205748,18134117-3442225,,G,273.42157000000003,-34.706272,86.9902625213,,0.0190444895222,-19.3754,0.0041480438989806145,4427514579.844311
