,Unnamed: 0,PGC,GWGC,HyperLEDA,2MASS,SDSS-DR12,flag,RA,dec,Luminosity Distance,Distance Error,Redshift,Absolute B Magnitude,Luminosity_Rank,B Luminosity
231157,231650,,,,21510173+8748238,,G,327.757233,87.806625,39.8198763229,,0.008251999999999999,-18.9675,0.1003517526367217,3040885025.6762953
407906,426387,,,,21572814+8543341,,G,329.367279,85.726151,274.879512223,,0.06125,-21.0617,0.1334518807234963,20925700250.935184
409608,428089,,,,21554302+8840461,,G,328.9292910000001,88.679497,280.717352484,,0.062494000000000015,-20.1013,0.13421589581135732,8640124490.119291
933564,954439,,,,21575896+8712497,,G,329.495667,87.213806,435.51068256699995,,0.094748,-20.554,0.5134559965789828,13109918746.49787
933565,954440,,,,21565460+8904138,,G,329.227509,89.070503,1185.96698596,,0.235881,-21.1624,0.5134568450725416,22959371747.452843
990824,1011825,,,,21502854+8524447,,G,327.618927,85.412437,322.28271694,,0.071291,-21.2602,0.5548703682826833,25123491807.092518
990825,1011826,,,,21443097+8921428,,G,326.129059,89.36191600000002,521.0722902919999,,0.11202,-20.5805,0.5548708647475838,13433834696.6037
990863,1011864,,,,21511850+8945128,,G,327.8271180000001,89.753571,666.200870172,,0.140517,-19.554,0.5548942031458985,5219152658.354514
