,Unnamed: 0,PGC,GWGC,HyperLEDA,2MASS,SDSS-DR12,flag,RA,dec,Luminosity Distance,Distance Error,Redshift,Absolute B Magnitude,Luminosity_Rank,B Luminosity
129050,129543,,,2793200,15255691-5038517,,G,231.487137,-50.647697,146.628220564,,0.0336434868217,-17.7311,0.0615073352137681,973733249.8155303
290369,293475,2800427.0,PGC2800427,,,,G,231.583,-51.1877,4.466331857719999,,0.00233394116697,-14.3298,0.11403507778722945,42454135.33357471
337790,342949,,,2793204,,,G,233.586,-51.07735,121.73897723,,0.0274753637377,-18.2271,0.11917654498136568,1537588067.564728
