,Unnamed: 0,PGC,GWGC,HyperLEDA,2MASS,SDSS-DR12,flag,RA,dec,Luminosity Distance,Distance Error,Redshift,Absolute B Magnitude,Luminosity_Rank,B Luminosity,Sector
134069,134562,,,2MIG2375,17225871-4522586,,G,260.744659,-45.38296500000001,94.9446744914,,0.0214273607137,-18.0384,0.06362833069897272,1292290048.5617328,2635.0
134179,134672,,,HIZOAJ1719-45,17192369-4555271,,G,259.848724,-45.924206,86.47340070450001,,0.0190444895222,-17.8824,0.06365366425240243,1119334784.1758,2635.0
271819,272531,165730.0,PGC165730,PGC165730,,,G,261.357,-45.1403,79.6479665356,,0.017777138888599997,-18.2859,0.11249307273329917,1623155022.778242,2635.0
