,Unnamed: 0,PGC,GWGC,HyperLEDA,2MASS,SDSS-DR12,flag,RA,dec,Luminosity Distance,Distance Error,Redshift,Absolute B Magnitude,Luminosity_Rank,B Luminosity
101068,101561,,,218495,18441365-8505140,,G,281.056885,-85.087242,217.054947698,,0.049113,-20.6788,0.04901374204367444,14706861414.448132
101071,101564,,,218608,18512441-8500558,,G,282.851746,-85.015518,237.408438728,,0.053565,-20.4065,0.04901499112006937,11444583707.587177
187214,187707,,,,18575686-8811575,,G,284.486938,-88.199318,140.405924022,,0.032097,-19.2479,0.08552107144475461,3936950913.729925
681346,701977,,,215151,18400790-8856009,,G,280.032928,-88.933601,331.66326639,,0.073262,-20.7925,0.3270713366813981,16330519478.94338
681550,702181,,,217355,18565358-8555131,,G,284.223267,-85.920326,341.144933303,,0.075249,-20.9887,0.3272351756385915,19565006656.74935
681598,702229,,,217715,18410052-8539229,,G,280.252197,-85.656364,311.628237442,,0.06904600000000001,-20.9132,0.3272772612519617,18250719904.84887
828382,849035,,,,18424924-8525021,,G,280.7052,-85.417259,505.904896638,,0.10898499999999997,-21.1993,0.4376426389591369,23753083749.44452
828384,849037,,,,18405138-8638009,,G,280.214111,-86.63359100000002,611.802052721,,0.129947,-21.0111,0.4376440354192497,19972848142.86527
828386,849039,,,,18460943-8714151,,G,281.539307,-87.237534,725.6799282139999,,0.15192999999999998,-22.0987,0.4376465601512288,54385108587.56509
828387,849040,,,,18494253-8715383,,G,282.427216,-87.260643,865.6836383369998,,0.178241,-21.5838,0.43764781101078215,33846985862.042576
828388,849041,,,,18514081-8818490,,G,282.920044,-88.313637,439.64398568,,0.095591,-20.7665,0.4376484002458014,15944099649.102057
828392,849045,,,,18544803-8522529,,G,283.700134,-85.38138599999998,494.55761494300003,,0.106707,-21.1151,0.4376512336487081,21980623124.82561
