,Unnamed: 0,PGC,GWGC,HyperLEDA,2MASS,SDSS-DR12,flag,RA,dec,Luminosity Distance,Distance Error,Redshift,Absolute B Magnitude,Luminosity_Rank,B Luminosity
43620,44113,141863.0,PGC141863,PGC141863,15480728-4738187,,G,237.03035,-47.638542,84.6496560201,,0.0197204798602,-18.4181,0.025472717024723462,1833327276.5773046
47452,47945,2793215.0,PGC2793215,PGC2793215,15482251-4808438,,G,237.093811,-48.1455,94.17837611450001,,0.0226890413445,-21.9898,0.026419996224064428,49194890699.69152
129052,129545,,,2793211,15405608-4837453,,G,235.233673,-48.629265,139.079357384,,0.0318775959388,-17.6163,0.06150775966313374,876032059.4714273
267743,268236,,,HIZOAJ1554-49,15540838-4858102,,G,238.53494300000003,-48.969513,161.260894068,,0.0368012584006,-19.2356,0.11208245718046636,3892601987.026706
1093733,1115052,,,,15415437-4507058,,G,235.476578,-45.118286,431.47969829199997,,0.093925,-21.3388,0.6291902012876918,27009714897.944355
1093734,1115053,,,,15421917-4532037,,G,235.57991,-45.534374,288.62643444,,0.064176,-20.8407,0.629190832199346,17071826956.273375
