,Unnamed: 0,PGC,GWGC,HyperLEDA,2MASS,SDSS-DR12,flag,RA,dec,Luminosity Distance,Distance Error,Redshift,Absolute B Magnitude,Luminosity_Rank,B Luminosity
134183,134676,,,HIZOAJ1539-59B,15393154-5934382,,G,234.881439,-59.57729000000001,74.470143706,,0.0166941683471,-18.7619,0.0636540816205058,2516285992.4368057
278941,279689,2800428.0,PGC2800428,PGC2800428,,,G,233.262,-56.0685,12.8531372924,,0.00447237223619,-19.125,0.1127058063509002,3515604405.2829905
278942,279690,2800429.0,PGC2800429,PGC2800429,,,G,234.146,-56.4221,25.7370636671,,0.007867023933510001,-19.4028,0.11270597415731155,4540670626.843666
279082,279867,2807099.0,PGC2807099,PGC2807099,,,G,233.113,-56.03234000000001,12.9779321108,,0.00451101225551,-19.126,0.11271976015070813,3518843888.209584
