,Unnamed: 0,PGC,GWGC,HyperLEDA,2MASS,SDSS-DR12,flag,RA,dec,Luminosity Distance,Distance Error,Redshift,Absolute B Magnitude,Luminosity_Rank,B Luminosity
278936,279684,2800420.0,PGC2800420,PGC2800420,,,G,226.104,-55.481,72.41216531159999,,0.016372028186,-20.0391,0.11270460853165767,8159057616.862009
278940,279688,2800426.0,PGC2800426,PGC2800426,,,G,229.6,-55.6305,13.0424834023,,0.00460761230381,-19.0968,0.1127056764271494,3425468672.1129885
