,Unnamed: 0,PGC,GWGC,HyperLEDA,2MASS,SDSS-DR12,flag,RA,dec,Luminosity Distance,Distance Error,Redshift,Absolute B Magnitude,Luminosity_Rank,B Luminosity,Sector
5038,5514,90320.0,PGC090320,PGC090320,19085246+1924414,,G,287.2185970000001,19.411516,71.3881223406,,0.0155971277986,-22.9981,0.003305155956649925,124520254602.74825,1043.0
9065,9544,3097197.0,PGC3097197,PGC3097197,19083656+1919322,,G,287.152374,19.32563,71.06296616600001,,0.0155148077574,-17.5482,0.0058863280125837705,822772940.301323,1043.0
42181,42674,62854.0,PGC062854,PGC062854,19102436+1934201,,G,287.601501,19.572256,61.6626004521,,0.0129966964983,-17.7401,0.025083766888117386,981838369.5113641,1043.0
48249,48742,1594278.0,PGC1594278,PGC1594278,19142126+1929285,,G,288.588623,19.491262,79.5686441847,,0.0173355086678,-21.1637,0.02663391659940899,22986878483.390358,1043.0
281696,282654,1579992.0,PGC1579992,PGC1579992,,,G,287.436,19.08343,57.968845152700005,,0.012080886040399998,-20.516,0.11276994473710235,12659017493.00248,1043.0
