,Unnamed: 0,PGC,GWGC,HyperLEDA,2MASS,SDSS-DR12,flag,RA,dec,Luminosity Distance,Distance Error,Redshift,Absolute B Magnitude,Luminosity_Rank,B Luminosity
47517,48010,2801252.0,PGC2801252,PGC2801252,16540803-3534375,,G,253.533463,-35.577099,89.5892128082,,0.0199250199625,-19.2853,0.02644150641788361,4074928566.8732796
134068,134561,,,2MIG2304,16463421-3903086,,G,251.642578,-39.052406,93.1466258825,,0.0210426405213,-17.9968,0.06362828294070676,1243712502.1467025
134185,134678,,,HIZOAJ1650-37,16500224-3712073,,G,252.509369,-37.20203,113.444837291,,0.0261450130725,-19.6759,0.06365439975038327,5839289402.9917755
271708,272415,141868.0,PGC141868,PGC141868,,,G,251.787,-36.27898,92.2922751729,,0.0206915203458,-21.5558,0.11247588563389943,32985266708.548763
279371,280270,3097187.0,PGC3097187,PGC3097187,,,G,253.271,-37.95631,73.4233810386,,0.016432088216,-17.6092,0.11273811330724565,870322076.6381394
