,Unnamed: 0,PGC,GWGC,HyperLEDA,2MASS,SDSS-DR12,flag,RA,dec,Luminosity Distance,Distance Error,Redshift,Absolute B Magnitude,Luminosity_Rank,B Luminosity
133396,133889,,,HIPASSJ0836-43,08365157-4337407,,G,129.21489,-43.627995,152.44769235799998,,0.0348736674368,-17.3396,0.06333384321323207,678953450.8396689
134158,134651,,,HIZOAJ0831-42,08313400-4228094,,G,127.891685,-42.469284,117.334597845,,0.0269841734921,-16.8171,0.06365197084252787,419604367.54948735
263317,263810,,,,08230482-4432281,,G,125.770088,-44.541157,47.4915365407,,0.011154,-19.2921,0.11087361082253512,4100530060.449818
272590,273320,538615.0,PGC538615,PGC538615,,,G,126.629,-44.31466,7.30771631224,,0.00254394127197,-10.5489,0.1125490773416571,1304848.2276324134
279063,279844,2807074.0,PGC2807074,PGC2807074,,,G,128.671,-40.1438,37.218126882,,0.008292694146350001,-20.0838,0.11271674588081215,8501978453.436141
