,Unnamed: 0,PGC,GWGC,HyperLEDA,2MASS,SDSS-DR12,flag,RA,dec,Luminosity Distance,Distance Error,Redshift,Absolute B Magnitude,Luminosity_Rank,B Luminosity
222714,223207,,,,22051064+5945280,,G,331.294342,59.757778,52.301904194399995,,0.011082,-19.8916,0.09753628189784684,7122623692.549484
222715,223208,,,,22054440+5947311,,G,331.435028,59.791988,150.506646849,,0.033665,-19.9048,0.09753654834344498,7209746585.099531
222716,223209,,,,22094942+5945262,,G,332.455933,59.757301,22.8418527848,,0.004131,-18.3767,0.09753661356160616,1764737035.217034
264783,265276,,,,22141919+5514189,,G,333.579987,55.238602,130.011241589,,0.028566,-18.8629,0.11132716296359124,2761595078.055192
409656,428137,,,,22031619+5735099,,G,330.817474,57.58609000000001,251.739522195,,0.056298,-21.0468,0.13423949064616691,20640489851.79079
