,Unnamed: 0,PGC,GWGC,HyperLEDA,2MASS,SDSS-DR12,flag,RA,dec,Luminosity Distance,Distance Error,Redshift,Absolute B Magnitude,Luminosity_Rank,B Luminosity
266853,267346,2801623.0,PGC2801623,PGC2801623,11494881-6400073,,G,177.453384,-64.00202900000001,19.703783918699997,,0.00587475293738,-16.8587,0.11194385502502613,435993485.2960762
