,Unnamed: 0,PGC,GWGC,HyperLEDA,2MASS,SDSS-DR12,flag,RA,dec,Luminosity Distance,Distance Error,Redshift,Absolute B Magnitude,Luminosity_Rank,B Luminosity
47831,48324,3085285.0,PGC3085285,PGC3085285,09363929-5437078,,G,144.163727,-54.61884300000001,35.91599379210001,,0.00804930402465,-17.4014,0.026529642765177396,718720446.4208825
267746,268239,,,HIZOAJ0926-52,09261553-5232357,,G,141.564743,-52.543259,95.68458590190001,,0.0227266313633,-19.3062,0.11208284288355164,4154129203.294032
279068,279850,2807081.0,PGC2807081,PGC2807081,,,G,144.275,-54.6227,36.3152497828,,0.00817425408713,-20.0704,0.11271732504711532,8397693119.839359
