,Unnamed: 0,PGC,GWGC,HyperLEDA,2MASS,SDSS-DR12,flag,RA,dec,Luminosity Distance,Distance Error,Redshift,Absolute B Magnitude,Luminosity_Rank,B Luminosity
279079,279863,2807095.0,PGC2807095,PGC2807095,,,G,195.608,-64.1374,53.8780700638,,0.0120586260293,-20.0671,0.11271913484614728,8372207817.678442
279080,279864,2807096.0,PGC2807096,PGC2807096,,,G,198.205,-60.89453,22.923913760999998,,0.00695037347519,-19.4214,0.11271930555205445,4619128030.99308
