,Unnamed: 0,PGC,GWGC,HyperLEDA,2MASS,SDSS-DR12,flag,RA,dec,Luminosity Distance,Distance Error,Redshift,Absolute B Magnitude,Luminosity_Rank,B Luminosity,Sector
47478,47971,2793364.0,PGC2793364,PGC2793364,16243951-5619483,,G,246.164627,-56.330109,24.712588264,,0.00749217374609,-17.8446,0.026428020143172627,1081035609.6884327,2792.0
267621,268114,,,3078254,16253644-5533498,,G,246.401871,-55.563858,84.57019677609999,,0.0193932996966,-17.6081,0.11206426556485342,869440767.2757825,2792.0
281710,282668,2800438.0,PGC2800438,PGC2800438,,,G,244.567,-55.6135,3.033898159,,0.00171969085985,-13.6,0.1127715278568438,21677041.048196964,2792.0
281733,282693,3097114.0,PGC3097114,PGC3097114,,,G,244.204,-55.7491,3.47126721759,,0.00182007091004,-13.7324,0.11277156440331865,24488376.851716794,2792.0
