,Unnamed: 0,PGC,GWGC,HyperLEDA,2MASS,SDSS-DR12,flag,RA,dec,Luminosity Distance,Distance Error,Redshift,Absolute B Magnitude,Luminosity_Rank,B Luminosity
2431,2906,,,207189,18360975-2505397,,G,279.04064900000003,-25.094385,99.36919253069999,,0.0217205208603,-17.6863,0.0015698084442431052,934372396.7055764
9872,10351,,,207106,18353092-2921266,,G,278.878845,-29.357412,190.230673076,,0.042843591421800005,-19.1484,0.0064229242282646684,3592195793.780337
13598,14081,,,207500,18380767-2441365,,G,279.531982,-24.693481,127.609591765,,0.029133734566900008,-18.6204,0.008817522436137901,2208818341.887353
16416,16900,,,207343,18370737-2447295,,G,279.280731,-24.791542,126.942307732,,0.0290026945013,-19.321,0.010603366421230857,4211143104.363196
20105,20590,,,207163,18355554-2917306,,G,278.981445,-29.291853000000003,189.536083112,,0.042652701326400005,-19.0885,0.012916796871920084,3399382231.2327967
20536,21021,,,207647,18390815-2450568,,G,279.783966,-24.849121,125.151670355,,0.0284846242423,-18.5782,0.013184510086998944,2124613809.6714768
25027,25515,,,207677,18391825-2713282,,G,279.82605,-27.224522,115.558597544,,0.0262632431316,-18.405,0.015913929350847362,1811340092.6196067
100914,101407,,,207713,18393477-2855052,,G,279.894897,-28.918127,185.46755034,,0.0422736511368,-18.4413,0.04895331026538589,1872923332.338477
138059,138552,,,6dFJ1838386-290529,18383856-2905285,,G,279.660706,-29.091251,177.591899782,,0.0406081403041,-18.7171,0.06577105286381145,2414571109.690743
