,Unnamed: 0,PGC,GWGC,HyperLEDA,2MASS,SDSS-DR12,flag,RA,dec,Luminosity Distance,Distance Error,Redshift,Absolute B Magnitude,Luminosity_Rank,B Luminosity
240418,240911,,,,20585611+4019182,,G,314.7337950000001,40.321743,23.805144070100003,,0.004175,-17.5114,0.10353191298262583,795353140.0403923
240422,240915,,,,20594995+4003349,,G,314.95813,40.059704,114.93412449899999,,0.025802,-19.0932,0.10353224533404834,3414129577.481942
240423,240916,,,,20594089+4006139,,G,314.92038,40.103863,34.085358872600004,,0.007217,-17.7298,0.10353228127657056,972568053.6191171
1020708,1041784,,,,20591893+4019103,,G,314.828888,40.319546,299.093048731,,0.06639600000000001,-20.389,0.5765320173950526,11261597469.078674
