,Unnamed: 0,PGC,GWGC,HyperLEDA,2MASS,SDSS-DR12,flag,RA,dec,Luminosity Distance,Distance Error,Redshift,Absolute B Magnitude,Luminosity_Rank,B Luminosity,Sector
218948,219441,,,,19452340+1309248,,G,296.347534,13.156897,254.847102819,,0.056879999999999986,-20.4254,0.0962253952362889,11645549883.014572,1172.0
411615,430096,,,,19491300+1356405,,G,297.304169,13.944596,277.909818627,,0.061896000000000014,-20.9825,0.1350921907201917,19453600816.22669,1172.0
947861,968749,,,,19464142+1331549,,G,296.672607,13.531928,306.637172791,,0.067992,-21.2781,0.5237870195706326,25541123673.88858,1172.0
