,Unnamed: 0,PGC,GWGC,HyperLEDA,2MASS,SDSS-DR12,flag,RA,dec,Luminosity Distance,Distance Error,Redshift,Absolute B Magnitude,Luminosity_Rank,B Luminosity
134179,134672,,,HIZOAJ1719-45,17192369-4555271,,G,259.848724,-45.924206,86.47340070450001,,0.0190444895222,-17.8824,0.06365366425240243,1119334784.1758
279372,280271,3097188.0,PGC3097188,PGC3097188,,,G,259.925,-41.28831,52.136043172799994,,0.012074586037299998,-16.8757,0.11273812967422556,442873811.63627833
279392,280292,3097230.0,PGC3097230,PGC3097230,,,G,257.942,-47.5898,21.4342413876,,0.00614775307388,-14.9455,0.11273930528253093,74851412.46454838
