,Unnamed: 0,PGC,GWGC,HyperLEDA,2MASS,SDSS-DR12,flag,RA,dec,Luminosity Distance,Distance Error,Redshift,Absolute B Magnitude,Luminosity_Rank,B Luminosity
47451,47944,2793209.0,PGC2793209,PGC2793209,15400666-5047412,,G,235.027786,-50.794785,73.9379184892,,0.0166089083045,-20.6843,0.02641817816264948,14781550790.92627
278943,279691,2800430.0,PGC2800430,PGC2800430,,,G,235.071,-50.8116,74.1798268485,,0.0166721183361,-20.8814,0.11270662916824575,17723928933.485264
