,Unnamed: 0,PGC,GWGC,HyperLEDA,2MASS,SDSS-DR12,flag,RA,dec,Luminosity Distance,Distance Error,Redshift,Absolute B Magnitude,Luminosity_Rank,B Luminosity
4803,5279,,,203821,,,G,289.439,1.6719,96.4778716539,,0.0217205208603,-17.4421,0.003137743527593586,746173807.1756577
44096,44589,166597.0,PGC166597,PGC166597,19172078+0243008,,G,289.336609,2.716893,96.0523956761,,0.0213257206629,-21.9425,0.025626966826627268,47097732639.69529
51403,51896,86293.0,PGC086293,,19173769+0426248,,G,289.4070430000001,4.440236,93.6646696611,,0.0207135703568,-22.5479,0.02753906407027722,82254563114.1818
267736,268229,,,2MIG2613,19124699+0256056,,G,288.195801,2.93491,99.14736489959999,,0.0221176310588,-18.1324,0.1120820565976528,1409159004.104059
279375,280275,3097198.0,PGC3097198,PGC3097198,,,G,287.592,0.50875,27.843406501100002,,0.00562716281358,-15.5136,0.11273817523236228,126310658.71285464
