,Unnamed: 0,PGC,GWGC,HyperLEDA,2MASS,SDSS-DR12,flag,RA,dec,Luminosity Distance,Distance Error,Redshift,Absolute B Magnitude,Luminosity_Rank,B Luminosity,Sector
224907,225400,,,,20493976+5137231,,G,312.41568,51.623093,86.16862775450001,,0.019072,-19.3587,0.09827737587251142,4359934852.960763,357.0
224908,225401,,,,20495766+5132190,,G,312.490265,51.53862,47.7268482345,,0.010197,-18.3998,0.09827744249311296,1802685643.3060288,357.0
224909,225402,,,,20495444+5131530,,G,312.476868,51.531406,206.56947963599998,,0.046142,-21.1013,0.09827824455623756,21703011473.28429,357.0
224910,225403,,,,20493955+5129571,,G,312.414795,51.499199,36.8838545577,,0.007754,-17.4062,0.0982782712351763,721904917.2216356,357.0
224911,225404,,,,20492291+5119070,,G,312.345459,51.318623,133.76090357200002,,0.030263,-20.4846,0.09827872572959023,12298156065.28332,357.0
224912,225405,,,,20500076+5134524,,G,312.503174,51.581223,188.791394906,,0.042272,-20.9959,0.09827945359075783,19695182072.153515,357.0
