,Unnamed: 0,PGC,GWGC,HyperLEDA,2MASS,SDSS-DR12,flag,RA,dec,Luminosity Distance,Distance Error,Redshift,Absolute B Magnitude,Luminosity_Rank,B Luminosity,Sector
43055,43548,101325.0,PGC101325,PGC101325,13445626-6540515,,G,206.234421,-65.680992,31.0211003069,,0.00826392413196,-16.2483,0.02532939239700384,248496341.96125805,2946.0
97179,97672,,,166316,13545198-6657174,,G,208.716599,-66.954842,157.834832587,,0.0361473180737,-17.991,0.04699019413237174,1237086307.4892745,2946.0
238888,239381,,,,13430814-6837324,,G,205.783936,-68.625671,256.366995476,,0.057682,-21.1753,0.1030040979056886,23233786809.273342,2946.0
271900,272613,166319.0,PGC166319,PGC166319,,,G,209.848,-67.06461,97.45315313569999,,0.0227768213884,-19.494,0.11250275647725017,4938556196.176098,2946.0
271903,272616,166325.0,PGC166325,PGC166325,,,G,211.439,-65.68404,34.6448324585,,0.00900291450146,-18.9382,0.11250308252407427,2959920182.575345,2946.0
278921,279669,2800404.0,PGC2800404,PGC2800404,,,G,206.217,-65.66409,30.743880716,,0.008216044108020001,-19.5688,0.11269859407139382,5290783616.075366,2946.0
