,Unnamed: 0,PGC,GWGC,HyperLEDA,2MASS,SDSS-DR12,flag,RA,dec,Luminosity Distance,Distance Error,Redshift,Absolute B Magnitude,Luminosity_Rank,B Luminosity
103933,104426,,,411453,14500780-5513382,,G,222.532501,-55.227299,76.6352459405,,0.0178716389358,-16.2521,0.05054281141757445,249367585.35550752
134171,134664,,,HIZOAJ1452-55,14523435-5501089,,G,223.143127,-55.019142,74.215015212,,0.0170778385389,-18.1645,0.06365254678407344,1451443049.4302592
266855,267348,3076953.0,PGC3076953,PGC3076953,14581431-5511360,,G,224.559662,-55.193359,71.5419252465,,0.016144388072200002,-18.0108,0.11194390926255987,1259853364.1461086
278931,279679,2800415.0,PGC2800415,PGC2800415,,,G,222.049,-57.60826,67.5588919528,,0.014925967463,-20.0984,0.11270233331233415,8617077521.68367
278932,279680,2800416.0,PGC2800416,PGC2800416,,,G,222.571,-55.2549,74.5977164277,,0.0172281986141,-21.0936,0.11270312970738015,21549639037.33849
278933,279681,2800417.0,PGC2800417,PGC2800417,,,G,223.246,-56.7638,34.9484699849,,0.0100476650238,-19.5271,0.11270331786791972,5091432611.909557
278934,279682,2800418.0,PGC2800418,PGC2800418,,,G,224.64,-55.1335,71.7221048382,,0.0162012981006,-20.8783,0.11270397101133045,17673395649.626495
