,Unnamed: 0,PGC,GWGC,HyperLEDA,2MASS,SDSS-DR12,flag,RA,dec,Luminosity Distance,Distance Error,Redshift,Absolute B Magnitude,Luminosity_Rank,B Luminosity,Sector
27721,28209,,,203812,19173026-0217042,,G,289.376099,-2.284514,107.99344234899999,,0.0244322522161,-19.883,0.017568775388745416,7066429004.252072,1619.0
