,Unnamed: 0,PGC,GWGC,HyperLEDA,2MASS,SDSS-DR12,flag,RA,dec,Luminosity Distance,Distance Error,Redshift,Absolute B Magnitude,Luminosity_Rank,B Luminosity
32852,33342,,,141871,17384146-4914234,,G,264.672791,-49.239857,145.303461285,,0.03427,-20.6424,0.020600087699536217,14221977918.329662
134069,134562,,,2MIG2375,17225871-4522586,,G,260.744659,-45.38296500000001,94.9446744914,,0.0214273607137,-18.0384,0.06362833069897272,1292290048.5617328
271819,272531,165730.0,PGC165730,PGC165730,,,G,261.357,-45.1403,79.6479665356,,0.017777138888599997,-18.2859,0.11249307273329917,1623155022.778242
286880,288133,84873.0,ESO228-004,ESO228-004,,,G,261.954,-49.4392,56.569624742399995,,0.0122908861454,-17.5429,0.11396133687774755,818766377.2573951
857850,878586,,,,17394328-4906363,,G,264.930359,-49.110096,588.478745314,,0.125375,-20.7877,0.4586468064748342,16258482204.780016
