,Unnamed: 0,PGC,GWGC,HyperLEDA,2MASS,SDSS-DR12,flag,RA,dec,Luminosity Distance,Distance Error,Redshift,Absolute B Magnitude,Luminosity_Rank,B Luminosity
267237,267730,,,90267,17012970-3203317,,G,255.373764,-32.058811,120.465241762,,0.0278497939249,-18.1843,0.11199736701373454,1478155079.0926268
