,Unnamed: 0,PGC,GWGC,HyperLEDA,2MASS,SDSS-DR12,flag,RA,dec,Luminosity Distance,Distance Error,Redshift,Absolute B Magnitude,Luminosity_Rank,B Luminosity,Sector
279392,280292,3097230.0,PGC3097230,PGC3097230,,,G,257.942,-47.5898,21.4342413876,,0.00614775307388,-14.9455,0.11273930528253093,74851412.46454838,2692.0
286880,288133,84873.0,ESO228-004,ESO228-004,,,G,261.954,-49.4392,56.569624742399995,,0.0122908861454,-17.5429,0.11396133687774755,818766377.2573951,2692.0
876429,897185,,,,17310898-5056494,,G,262.787445,-50.947067,385.74848288699997,,0.084527,-20.8625,0.4721106063321863,17418068733.916126,2692.0
