,Unnamed: 0,PGC,GWGC,HyperLEDA,2MASS,SDSS-DR12,flag,RA,dec,Luminosity Distance,Distance Error,Redshift,Absolute B Magnitude,Luminosity_Rank,B Luminosity
23286,23773,,,6dFJ1722385-214228,17223844-2142280,,G,260.660187,-21.707802,156.496211361,,0.0358247579124,-19.3935,0.014862101563628188,4501943082.8243065
133431,133924,,,2MFGC13820,17212074-2331390,,G,260.336426,-23.52751,116.624963729,,0.0263821031911,-19.01,0.0633484620348813,3162277660.16838
133615,134108,,,6dFJ1722020-210506,17220199-2105058,,G,260.508331,-21.084953,127.403568885,,0.0292651946326,-18.9469,0.06343272530675358,2983733291.282363
133616,134109,,,6dFJ1722354-235234,17223539-2352338,,G,260.647461,-23.876072,117.834566889,,0.0267418333709,-18.7774,0.06343281963647457,2552466201.0095983
133944,134437,,,6dFJ1721084-204825,17210837-2048250,,G,260.284912,-20.806959,184.057792783,,0.0417114808557,-20.2108,0.06357928863911272,9556965098.66316
267713,268206,,,2MFGC13819,17210024-2348567,,G,260.251007,-23.81576,124.932390342,,0.0287427143714,-19.1594,0.1120768029259794,3628774658.520114
267714,268207,,,2MFGC13822,17212630-2147070,,G,260.359619,-21.785282,125.778272559,,0.0288724944362,-19.174,0.1120769388476018,3677900704.2238774
267718,268211,,,6dFJ1723517-210204,17235173-2102042,,G,260.965546,-21.034515,189.89249853599998,,0.0430349015175,-19.8135,0.1120781298002819,6628267086.082738
