,Unnamed: 0,PGC,GWGC,HyperLEDA,2MASS,SDSS-DR12,flag,RA,dec,Luminosity Distance,Distance Error,Redshift,Absolute B Magnitude,Luminosity_Rank,B Luminosity
242554,243047,,,,18005206-0646422,,G,270.216949,-6.7784,25.7154463227,,0.005291,-17.421,0.10427100704453586,731812797.6744581
249886,250379,,,,18010396-0553428,,G,270.266541,-5.895236,178.265667393,,0.040546,-20.1483,0.10669354655456632,9022356845.67792
290347,293452,140806.0,PGC140806,,,,G,271.333,-8.7451,101.708271357,,0.022889381444700003,-19.2968,0.11403392965950973,4118319156.377566
