,Unnamed: 0,PGC,GWGC,HyperLEDA,2MASS,SDSS-DR12,flag,RA,dec,Luminosity Distance,Distance Error,Redshift,Absolute B Magnitude,Luminosity_Rank,B Luminosity,Sector
21372,21857,,,2793203,,,G,232.975,-49.95623,148.69760967,,0.0334927067464,-18.0615,0.013685914369009356,1320079236.1922548,2741.0
86506,86999,,,96565,15250636-4849033,,G,231.276505,-48.8176,149.965177697,,0.034562027281,-20.56,0.04121475310725658,13182567385.564049,2741.0
129050,129543,,,2793200,15255691-5038517,,G,231.487137,-50.647697,146.628220564,,0.0336434868217,-17.7311,0.0615073352137681,973733249.8155303,2741.0
290369,293475,2800427.0,PGC2800427,,,,G,231.583,-51.1877,4.466331857719999,,0.00233394116697,-14.3298,0.11403507778722945,42454135.33357471,2741.0
337790,342949,,,2793204,,,G,233.586,-51.07735,121.73897723,,0.0274753637377,-18.2271,0.11917654498136568,1537588067.564728,2741.0
894030,914812,,,,15235205-4848520,,G,230.966888,-48.814472,428.41153042199994,,0.093298,-21.0713,0.4848661983382225,21111544158.23698,2741.0
