,Unnamed: 0,PGC,GWGC,HyperLEDA,2MASS,SDSS-DR12,flag,RA,dec,Luminosity Distance,Distance Error,Redshift,Absolute B Magnitude,Luminosity_Rank,B Luminosity,Sector
43582,44075,140814.0,PGC140814,PGC140814,18142795-0225052,,G,273.616486,-2.4181310000000003,29.8127996236,,0.00626010313005,-13.392,0.025462143637648444,17897814.394089635,1617.0
44094,44587,166531.0,PGC166531,PGC166531,18153013-0253481,,G,273.87554900000003,-2.896707,28.808449991,,0.00599991299996,-13.6276,0.025625041201611926,22235146.744903546,1617.0
