,Unnamed: 0,PGC,GWGC,HyperLEDA,2MASS,SDSS-DR12,flag,RA,dec,Luminosity Distance,Distance Error,Redshift,Absolute B Magnitude,Luminosity_Rank,B Luminosity
3427,3902,,,ESO002-006,,,G,3.7107,-86.99308,73.5509073887,,0.0160246880123,-18.6729,0.0022088439843601358,2318248566.9962525
145988,146481,,,218024,00153937-8525540,,G,3.914076,-85.431671,237.99738120900003,,0.053635,-20.7309,0.06943880556737789,15429789455.002731
237949,238442,,,,00145057-8659351,,G,3.710723,-86.993088,73.0056618844,,0.016681,-20.4168,0.1026519416166182,11553671093.122509
681345,701976,,,215148,00163439-8856267,,G,4.143315,-88.94075,337.429450595,,0.07447100000000001,-21.2659,0.3270707331657296,25255734302.100967
681414,702045,,,215970,00055560-8706066,,G,1.481688,-87.10185200000002,570.187135266,,0.121772,-21.4241,0.3271273039874814,29217294627.134117
681541,702172,,,217294,00111899-8558165,,G,2.8291470000000003,-85.971275,441.719653346,,0.096014,-20.9407,0.3272290274703518,18718886025.88327
681698,702329,,,218579,00064169-8502084,,G,1.673718,-85.03569,326.258462921,,0.072127,-20.9938,0.32736106508448176,19657125029.02129
883734,904495,,,,00054863-8923107,,G,1.452647,-89.38633,399.776894014,,0.087422,-20.4931,0.4774846863235062,12394813600.15668
904660,925459,,,,00014146-8820387,,G,0.422776,-88.344109,362.306938706,,0.079665,-19.8664,0.4925788361498347,6959210931.115412
925649,946509,,,,00034259-8526511,,G,0.927487,-85.44753299999998,546.182161575,,0.11702,-21.0647,0.5077526402873507,20983600052.17922
925650,946510,,,,00021251-8529208,,G,0.552162,-85.48912800000002,666.268183455,,0.14053,-20.7742,0.5077532337160554,16057576510.496668
925651,946511,,,,00033141-8703082,,G,0.8809040000000001,-87.052284,509.57788349699996,,0.109721,-21.0211,0.5077539786685004,20157654631.358013
925652,946512,,,,00063142-8824506,,G,1.630942,-88.414062,622.5926967930001,,0.132054,-20.936,0.5077546674612227,18638029723.462086
1012436,1033500,,,,00174628-8736227,,G,4.4428480000000015,-87.606323,831.627052833,,0.17190899999999998,-21.2456,0.5705237692114444,24787915100.15861
