,Unnamed: 0,PGC,GWGC,HyperLEDA,2MASS,SDSS-DR12,flag,RA,dec,Luminosity Distance,Distance Error,Redshift,Absolute B Magnitude,Luminosity_Rank,B Luminosity
44101,44594,166655.0,PGC166655,PGC166655,20020228+3726080,,G,300.509521,37.435581,63.4630744951,,0.0135177067589,-20.7326,0.02562833818394276,15453967692.86336
