,Unnamed: 0,PGC,GWGC,HyperLEDA,2MASS,SDSS-DR12,flag,RA,dec,Luminosity Distance,Distance Error,Redshift,Absolute B Magnitude,Luminosity_Rank,B Luminosity,Sector
97175,97668,,,166263,13002120-6749137,,G,195.088364,-67.82049599999999,134.37582368,,0.0311688455844,-17.4416,0.04698859024921282,745830260.5492301,2945.0
181606,182099,,,3079453,12523700-6901292,,G,193.154175,-69.024796,156.288234275,,0.035898,-20.2126,0.08338852918123879,9572822361.869123,2945.0
238850,239343,,,,12512975-6910573,,G,192.873962,-69.182602,240.21032691,,0.054208000000000006,-20.127,0.10298908238029816,8847080928.7053,2945.0
817070,837703,,,3074613,12511972-6906274,,G,192.832184,-69.107628,313.25873356200003,,0.06939,-20.8295,0.4293048472895969,16896626340.487059,2945.0
1015491,1036558,,,,12511249-6911135,,G,192.802063,-69.187088,419.612102724,,0.091497,-20.9922,0.5727643251669333,19628178552.85131,2945.0
1015494,1036561,,,,12520110-6849154,,G,193.004593,-68.820953,382.625309038,,0.083881,-21.3139,0.5727666937050854,26397329897.647186,2945.0
1015497,1036564,,,,12552278-6843132,,G,193.844955,-68.720337,397.00582091900003,,0.086851,-21.255,0.5727685393555936,25003453616.96429,2945.0
