,Unnamed: 0,PGC,GWGC,HyperLEDA,2MASS,SDSS-DR12,flag,RA,dec,Luminosity Distance,Distance Error,Redshift,Absolute B Magnitude,Luminosity_Rank,B Luminosity
214026,214519,,,,21000977+5428422,,G,315.04071,54.478397,27.1036242419,,0.005212,-16.6751,0.09454337107078156,368162881.13548636
225681,226174,,,,21022320+5429283,,G,315.59668,54.491219,65.6198824097,,0.013983,-19.5422,0.09851268392636686,5162736978.677242
225692,226185,,,,21035049+5430125,,G,315.960388,54.503498,123.473913092,,0.027423000000000003,-20.0749,0.0985158600243798,8432570873.395234
225693,226186,,,,21035929+5412055,,G,315.99707,54.20153000000001,30.2501521485,,0.006065,-17.4296,0.09851588728454916,737632426.2354481
245349,245842,,,,21030690+5414583,,G,315.778778,54.249546,165.833338387,,0.037206,-20.1254,0.10522872634056428,8834052990.138605
