,Unnamed: 0,PGC,GWGC,HyperLEDA,2MASS,SDSS-DR12,flag,RA,dec,Luminosity Distance,Distance Error,Redshift,Absolute B Magnitude,Luminosity_Rank,B Luminosity
267749,268242,,,HIZOAJ0956-59,09562994-5932335,,G,149.124771,-59.54265600000001,45.435577105600004,,0.0105837952919,-19.102,0.11208299525562684,3441913882.684287
279070,279852,2807084.0,PGC2807084,PGC2807084,,,G,147.429,-56.5355,17.396771627,,0.005196452598229999,-19.4523,0.11271780558890893,4752476740.224511
981628,1002622,,,,09423045-5952147,,G,145.626877,-59.870773,343.33399069,,0.07570700000000001,-20.9266,0.5481297563434682,18477363387.35044
