,Unnamed: 0,PGC,GWGC,HyperLEDA,2MASS,SDSS-DR12,flag,RA,dec,Luminosity Distance,Distance Error,Redshift,Absolute B Magnitude,Luminosity_Rank,B Luminosity
775982,796613,,,1362420,18411888+0915426,,G,280.32867400000003,9.261838,375.368999241,,0.08237799999999999,-20.7303,0.3978612669709221,15421264993.850428
