,Unnamed: 0,PGC,GWGC,HyperLEDA,2MASS,SDSS-DR12,flag,RA,dec,Luminosity Distance,Distance Error,Redshift,Absolute B Magnitude,Luminosity_Rank,B Luminosity,Sector
267743,268236,,,HIZOAJ1554-49,15540838-4858102,,G,238.53494300000003,-48.969513,161.260894068,,0.0368012584006,-19.2356,0.11208245718046636,3892601987.026706,2742.0
