,Unnamed: 0,PGC,GWGC,HyperLEDA,2MASS,SDSS-DR12,flag,RA,dec,Luminosity Distance,Distance Error,Redshift,Absolute B Magnitude,Luminosity_Rank,B Luminosity
267748,268241,,,HIZOAJ1209-62,12092077-6229125,,G,182.336578,-62.48682,10.9604015157,,0.00413847206924,-14.6011,0.11208286805520552,54505458.84127804
279075,279858,2807090.0,PGC2807090,PGC2807090,,,G,180.687,-61.6746,12.775681320599999,,0.00458178229089,-19.0619,0.1127184723744344,3317110965.6649237
279076,279859,2807091.0,PGC2807091,PGC2807091,,,G,181.067,-63.2193,19.2292859479,,0.005884202942100001,-19.3998,0.11271863971781948,4528141607.6975355
