,Unnamed: 0,PGC,GWGC,HyperLEDA,2MASS,SDSS-DR12,flag,RA,dec,Luminosity Distance,Distance Error,Redshift,Absolute B Magnitude,Luminosity_Rank,B Luminosity
270599,271217,90278.0,PGC090278,PGC090278,,,G,263.118,-43.2666,27.1425552012,,0.007240803620399998,-15.9883,0.11237882162564572,195577999.6952412
