,Unnamed: 0,PGC,GWGC,HyperLEDA,2MASS,SDSS-DR12,flag,RA,dec,Luminosity Distance,Distance Error,Redshift,Absolute B Magnitude,Luminosity_Rank,B Luminosity
134176,134669,,,HIZOAJ1000-58A,10000883-5838261,,G,150.03680400000005,-58.64061,36.0461796617,,0.008155774077890001,-15.9823,0.0636535492672423,194500176.60558075
279072,279854,2807086.0,PGC2807086,PGC2807086,,,G,151.067,-58.5596,47.8663015004,,0.0111703255852,-19.9801,0.11271823600942026,7727517548.850208
