,Unnamed: 0,PGC,GWGC,HyperLEDA,2MASS,SDSS-DR12,flag,RA,dec,Luminosity Distance,Distance Error,Redshift,Absolute B Magnitude,Luminosity_Rank,B Luminosity
278926,279674,2800410.0,PGC2800410,PGC2800410,,,G,213.692,-62.9413,43.150527418100005,,0.00995505497753,-20.0049,0.11270106631712315,7906058071.605151
