,Unnamed: 0,PGC,GWGC,HyperLEDA,2MASS,SDSS-DR12,flag,RA,dec,Luminosity Distance,Distance Error,Redshift,Absolute B Magnitude,Luminosity_Rank,B Luminosity,Sector
42069,42562,58814.0,PGC058814,PGC058814,16422261-5556008,,G,250.594238,-55.93357099999999,72.2539202454,,0.015894697947299998,-22.0343,0.025048864158372944,51253083660.49913,2793.0
47489,47982,2793401.0,PGC2793401,PGC2793401,16412624-5448360,,G,250.359344,-54.810001,72.5044789561,,0.0160431680216,-22.2918,0.026433390880471024,64971067133.199425,2793.0
50529,51022,58876.0,ESO179-012,ESO179-012,16442139-5529372,,G,251.089127,-55.493675,72.10447456989999,,0.0158818879409,-19.8178,0.027262286038163063,6654570033.662665,2793.0
129060,129553,,,2793410,16501348-5635408,,G,252.556183,-56.594685,201.63526229599998,,0.0456023628012,-20.9228,0.061510738744316715,18412806958.448647,2793.0
404030,422511,,,2MFGC13537,16545206-5647373,,G,253.716934,-56.793713,245.53298594900002,,0.054964,-19.7595,0.13174226167295067,6306668447.802112,2793.0
