,Unnamed: 0,PGC,GWGC,HyperLEDA,2MASS,SDSS-DR12,flag,RA,dec,Luminosity Distance,Distance Error,Redshift,Absolute B Magnitude,Luminosity_Rank,B Luminosity,Sector
278938,279686,2800422.0,PGC2800422,PGC2800422,,,G,227.042,-60.7638,65.1287584793,,0.0139809669905,-20.1589,0.11270523862806076,9110873149.35615,2877.0
278939,279687,2800425.0,PGC2800425,PGC2800425,,,G,228.708,-60.5591,71.8935056678,,0.0160209080105,-20.0734,0.1127055498344823,8420928890.050939,2877.0
