,Unnamed: 0,PGC,GWGC,HyperLEDA,2MASS,SDSS-DR12,flag,RA,dec,Luminosity Distance,Distance Error,Redshift,Absolute B Magnitude,Luminosity_Rank,B Luminosity
7482,7961,141859.0,PGC141859,PGC141859,14202352-5504074,,G,215.098007,-55.068741,33.7861518634,,0.008503954251979999,-19.7237,0.0048993817154125065,6102109547.446406
50370,50863,51925.0,ESO175-009,ESO175-009,14315891-5528000,,G,217.995483,-55.466667,31.333005557699998,,0.00910203455102,-19.11,0.027214921018269143,3467368504.525324
103904,104397,,,409605,14392795-5525045,,G,219.866486,-55.417934,67.04110918090001,,0.0148995074498,-17.1517,0.050527823730824685,571057710.7450298
267750,268243,,,HIZOAJ1420-58,14204296-5806485,,G,215.179031,-58.113476,75.8121395389,,0.017629928814999998,-20.2137,0.11208334939038103,9582525861.27844
