,Unnamed: 0,PGC,GWGC,HyperLEDA,2MASS,SDSS-DR12,flag,RA,dec,Luminosity Distance,Distance Error,Redshift,Absolute B Magnitude,Luminosity_Rank,B Luminosity,Sector
85469,85962,,,89020,17164680-2459103,,G,259.195007,-24.986219,121.631694473,,0.0278497939249,-21.0902,0.04075836008265631,21482261555.675804,2190.0
133431,133924,,,2MFGC13820,17212074-2331390,,G,260.336426,-23.52751,116.624963729,,0.0263821031911,-19.01,0.0633484620348813,3162277660.16838,2190.0
133593,134086,,,6dFJ1717360-241303,17173605-2413026,,G,259.400238,-24.217394,117.847960065,,0.0267418333709,-19.7666,0.06342593906735232,6348045047.958361,2190.0
133596,134089,,,6dFJ1717027-241020,17170271-2410200,,G,259.261292,-24.172226,207.62155717299999,,0.0470456935228,-20.9964,0.06342731713871075,19704254127.4398,2190.0
133598,134091,,,6dFJ1715338-244318,17153380-2443179,,G,258.890839,-24.721642000000006,125.285931296,,0.0288724944362,-19.8995,0.0634278141803156,7174638108.861402,2190.0
133616,134109,,,6dFJ1722354-235234,17223539-2352338,,G,260.647461,-23.876072,117.834566889,,0.0267418333709,-18.7774,0.06343281963647457,2552466201.0095983,2190.0
267713,268206,,,2MFGC13819,17210024-2348567,,G,260.251007,-23.81576,124.932390342,,0.0287427143714,-19.1594,0.1120768029259794,3628774658.520114,2190.0
