,Unnamed: 0,PGC,GWGC,HyperLEDA,2MASS,SDSS-DR12,flag,RA,dec,Luminosity Distance,Distance Error,Redshift,Absolute B Magnitude,Luminosity_Rank,B Luminosity
216199,216692,,,,23185698+6328558,,G,349.737427,63.482193,141.044680167,,0.031496,-20.8778,0.0952841960868714,17665258623.916718
216200,216693,,,,23184060+6310059,,G,349.669189,63.168316,197.59712674,,0.044051,-20.6359,0.09528471854146237,14137089256.941856
216201,216694,,,,23182121+6301478,,G,349.588409,63.029949,126.19906423100001,,0.028166000000000007,-20.5413,0.0952851974014498,12957463674.684631
248057,248550,,,,23180150+6258590,,G,349.506287,62.983082,169.054834495,,0.037774,-20.8491,0.1061028184725331,17204418567.842915
248058,248551,,,,23173455+6056442,,G,349.393982,60.945621,74.5273307791,,0.016082,-19.6406,0.10610302736777588,5652492568.006621
257220,257713,,,,23011764+6110058,,G,345.323517,61.168289,28.8041216883,,0.005874,-18.0333,0.10894017638838993,1286234043.1387131
266340,266833,,,,23193667+6414061,,G,349.902832,64.235039,209.42328735099997,,0.046633,-21.3201,0.11179434057197901,26548500714.43233
1100818,1122159,,,,23192839+6326391,,G,349.868317,63.444214,313.220806478,,0.069382,-20.4863,0.6341394244258688,12317427082.782341
1100819,1122160,,,,23192772+6034471,,G,349.86554,60.57976899999999,393.18014942400004,,0.086062,-21.138,0.6341402540637044,22449155075.69592
