,Unnamed: 0,PGC,GWGC,HyperLEDA,2MASS,SDSS-DR12,flag,RA,dec,Luminosity Distance,Distance Error,Redshift,Absolute B Magnitude,Luminosity_Rank,B Luminosity,Sector
2206,2681,,,3442009,18130421-3740314,,G,273.267548,-37.675404,111.292481596,,0.0249904324952,-17.6323,0.0014354259251821524,889037336.0441842,2448.0
6341,6817,,,205748,18134117-3442225,,G,273.42157000000003,-34.706272,86.9902625213,,0.0190444895222,-19.3754,0.0041480438989806145,4427514579.844311,2448.0
9246,9725,,,ESO335-004,18131474-3740354,,G,273.311432,-37.676502,104.355839852,,0.0232465916233,-19.7616,0.006002842936888139,6318878430.329303,2448.0
21538,22023,,,205839,18164673-3520596,,G,274.194733,-35.349907,112.86537545899999,,0.0254461327231,-19.9408,0.013782448648486113,7452809149.15741,2448.0
285873,287088,61461.0,ESO394-030,ESO394-030,,,G,272.222,-37.09798,92.4294856882,,0.0204183102092,-19.4491,0.1136847914951194,4738490344.379703,2448.0
285909,287124,61791.0,ESO395-002,ESO395-002,,,G,275.61,-35.67788,79.9873144675,,0.0179190989595,-18.2951,0.11370039080671633,1636967284.7435,2448.0
