,Unnamed: 0,PGC,GWGC,HyperLEDA,2MASS,SDSS-DR12,flag,RA,dec,Luminosity Distance,Distance Error,Redshift,Absolute B Magnitude,Luminosity_Rank,B Luminosity
48451,48944,3533.0,ESO002-011,ESO002-011,00590111-8617059,,G,14.754629,-86.28499599999998,93.3680009074,,0.021818,-19.91,0.026692803725960067,7244359600.74989
101070,101563,,,218564,00404400-8502282,,G,10.183351,-85.041191,225.70238419900002,,0.050932,-20.4427,0.049014568170536336,11832595001.06014
145972,146465,,,217609,00512683-8544066,,G,12.861824,-85.735176,224.044036535,,0.050574,-19.9277,0.06943196300035248,7363427243.4509325
883741,904502,,,,00484723-8912096,,G,12.196827,-89.202675,376.444720185,,0.082601,-20.0925,0.4774900849523523,8570378452.303726
883743,904504,,,,00541346-8704316,,G,13.556088,-87.075462,501.25355014699994,,0.108052,-20.4323,0.4774911820733821,11719794590.684805
883744,904505,,,,00503734-8707426,,G,12.655618,-87.12850999999998,313.856138945,,0.069516,-20.8857,0.4774918396835957,17794262788.11021
920110,940957,,,,00573986-8507215,,G,14.416093,-85.122665,302.423502698,,0.067101,-20.4231,0.5038535086263528,11620906314.43508
920111,940958,,,,00572539-8735127,,G,14.355797,-87.586884,738.07962117,,0.154291,-21.9035,0.5038551877727029,45435990492.93429
920112,940959,,,,00564340-8750138,,G,14.180836,-87.837189,321.78843746,,0.071187,-20.3339,0.5038555833656588,10704342586.5428
