,Unnamed: 0,PGC,GWGC,HyperLEDA,2MASS,SDSS-DR12,flag,RA,dec,Luminosity Distance,Distance Error,Redshift,Absolute B Magnitude,Luminosity_Rank,B Luminosity
279081,279865,2807097.0,PGC2807097,PGC2807097,,,G,202.483,-61.846,51.498878356400006,,0.0112975856488,-20.119,0.11271963010723805,8782132798.980097
