,Unnamed: 0,PGC,GWGC,HyperLEDA,2MASS,SDSS-DR12,flag,RA,dec,Luminosity Distance,Distance Error,Redshift,Absolute B Magnitude,Luminosity_Rank,B Luminosity
101057,101550,,,217871,09213686-8532269,,G,140.40361,-85.54083299999998,238.32203985700002,,0.053818,-21.2368,0.049008631288205734,24587818577.715843
145975,146468,,,217731,09202772-8538392,,G,140.115524,-85.64424100000002,271.495873906,,0.060947,-20.8198,0.06943360204672973,16746343685.620663
145981,146474,,,217811,09362137-8535078,,G,144.089081,-85.58551,108.839000914,,0.025969,-19.2459,0.06943592945924469,3929705457.501849
215437,215930,,,,09201865-8612312,,G,140.077728,-86.208687,213.752447978,,0.048613,-20.5816,0.09501096841116106,13447451914.401772
225543,226036,,,,09290139-8729398,,G,142.255814,-87.494392,279.097341128,,0.062574,-19.6608,0.09846599505994663,5758640933.97755
681688,702319,,,218508,09263845-8504309,,G,141.660217,-85.07525600000002,382.262881229,,0.08380599999999999,-20.8158,0.3273534612026309,16684761383.9342
932438,953313,,,,09235262-8607295,,G,140.96928400000004,-86.12487,426.57767010599997,,0.092923,-20.787,0.5126516778668282,16248003352.273226
932439,953314,,,,09242341-8617491,,G,141.097565,-86.296974,318.363642847,,0.070466,-20.6006,0.5126521836082787,13684848693.604412
932440,953315,,,,09205743-8729152,,G,140.239319,-87.487564,376.796929967,,0.082674,-20.8105,0.5126527972127983,16603513514.58511
973040,993995,,,,09290706-8508188,,G,142.279434,-85.13855699999998,356.505810586,,0.078457,-20.3223,0.5419835582735549,10590586214.005829
973041,993996,,,,09324708-8514022,,G,143.196167,-85.233963,1101.12821675,,0.220927,-21.4522,0.5419846663470068,29983339342.372227
973042,993997,,,,09275026-8520113,,G,141.959457,-85.336479,375.12302629,,0.082327,-19.5609,0.541984860457293,5252426695.845053
973044,993999,,,,09374263-8517498,,G,144.427658,-85.297188,944.3071775330001,,0.192701,-21.6996,0.5419869292582868,37656504173.71849
998280,1019297,,,,09355198-8619042,,G,143.966614,-86.317841,358.238460795,,0.078818,-20.6829,0.560260925839417,14762503038.144032
998281,1019298,,,,09351444-8635324,,G,143.810181,-86.59234599999998,408.20939222,,0.089157,-20.4124,0.5602613510935565,11506944011.926071
1024579,1045663,,,,09270763-8654209,,G,141.781799,-86.905807,392.932996862,,0.086011,-20.9136,0.5793173931210339,18257444957.26757
