,Unnamed: 0,PGC,GWGC,HyperLEDA,2MASS,SDSS-DR12,flag,RA,dec,Luminosity Distance,Distance Error,Redshift,Absolute B Magnitude,Luminosity_Rank,B Luminosity
106238,106731,,,90240,16201973-4231341,,G,245.082214,-42.52615,160.414210509,,0.036636618318300014,-18.5762,0.051677246515045995,2120703728.825464
134172,134665,,,HIZOAJ1625-42,16253019-4227101,,G,246.375809,-42.45282,27.4107611969,,0.00764967382484,-16.0016,0.06365255410099753,197988515.79436412
267629,268122,,,3085721,16222962-4444511,,G,245.623444,-44.747532,104.871414049,,0.024322002161,-19.2053,0.11206727615232118,3785471667.154615
279370,280269,3097185.0,PGC3097185,PGC3097185,,,G,246.138,-42.48457,25.2658440537,,0.007123413561710002,-20.0527,0.112738081143357,8261901254.061797
