Rank Type,Distinction,Cutoff Value,a,b,c,d,Mean Placement of Host
Top 5 Avg,0.287,180419876.45933193,0.15789976043021,1.03807256998154,0.104204017171094,-4.37800416832673,0.44731200458810305
