Rank Type,Distinction,Cutoff Value,a,b,c,d,Mean Placement of Host
Top 5 Avg,0.2881,146587907.48666364,0.15789976043021,1.03807256998154,0.104204017171094,-4.37800416832673,0.44674535733045523
