,Unnamed: 0,PGC,GWGC,HyperLEDA,2MASS,SDSS-DR12,flag,RA,dec,Luminosity Distance,Distance Error,Redshift,Absolute B Magnitude,Luminosity_Rank,B Luminosity,Sector
6754,7233,,,ESO335-002,18074654-3745046,,G,271.943939,-37.751305,88.8464193124,,0.0193055196528,-19.4282,0.004422030576029109,4648148558.512514,2512.0
