,Unnamed: 0,PGC,GWGC,HyperLEDA,2MASS,SDSS-DR12,flag,RA,dec,Luminosity Distance,Distance Error,Redshift,Absolute B Magnitude,Luminosity_Rank,B Luminosity,Sector
114415,134675,,,HIZOAJ1208-65,12082119-6529316,,G,182.088318,-65.492134,76.5780170451,,0.017470328735200002,-18.8225,0.06365398862787168,2660725059.7988143,2910.0
216199,268235,,,HIZOAJ1229-61,12294880-6107045,,G,187.453354,-61.117924,75.6537075088,,0.017233868616900003,-17.5922,0.11208231332427772,856801069.6356478,2910.0
227524,279859,2807091.0,PGC2807091,PGC2807091,,,G,181.067,-63.2193,19.2292859479,,0.005884202942100001,-19.3998,0.11271863971781948,4528141607.6975355,2910.0
