,Unnamed: 0,PGC,GWGC,HyperLEDA,2MASS,SDSS-DR12,flag,RA,dec,Luminosity Distance,Distance Error,Redshift,Absolute B Magnitude,Luminosity_Rank,B Luminosity,Sector
40965,42456,54411.0,PGC054411,PGC054411,15143427-5259217,,G,228.642822,-52.98938,23.101001068400002,,0.007365999999999998,-20.6642,0.025017156422766626,14510420562.965946,2790.0
46345,47943,2793194.0,PGC2793194,PGC2793194,15064681-5417486,,G,226.695068,-54.296852,29.4404550031,,0.008759944379969999,-20.0047,0.02641763189114112,7904601856.014871,2790.0
193431,240166,,,,15092892-5233196,,G,227.370529,-52.55546999999999,31.9569215436,,0.009436,-20.1618,0.10328296534008573,9135240808.271414,2790.0
227385,279685,2800421.0,PGC2800421,PGC2800421,,,G,226.496,-54.3943,30.471019819499997,,0.00902538451269,-20.0094,0.11270490192384833,7938893939.870945,2790.0
227388,279688,2800426.0,PGC2800426,PGC2800426,,,G,229.6,-55.6305,13.0424834023,,0.00460761230381,-19.0968,0.1127056764271494,3425468672.1129885,2790.0
233945,286685,54106.0,ESO223-012,ESO223-012,,,G,227.352,-52.56333000000001,11.695830781,,0.00429324214662,-17.7802,0.11356187107824316,1018779036.804357,2790.0
