,Unnamed: 0,PGC,GWGC,HyperLEDA,2MASS,SDSS-DR12,flag,RA,dec,Luminosity Distance,Distance Error,Redshift,Absolute B Magnitude,Luminosity_Rank,B Luminosity,Sector
180333,223650,,,,22123357+6024561,,G,333.1398930000001,60.415604,57.1685814446,,0.01198,-19.7828,0.09769395000110218,6443472806.535245,217.0
180350,223667,,,,22265192+6149061,,G,336.716339,61.818375,136.949064118,,0.030511,-20.7938,0.09769872269315986,16350084443.17545,217.0
180352,223669,,,,22291319+6149439,,G,337.304962,61.828876,24.310683160700002,,0.0046,-18.818,0.09769892939188983,2649720098.878961,217.0
180355,223672,,,,22303038+6152498,,G,337.6265870000001,61.88052,95.3699899985,,0.021704,-20.2591,0.09770012221513544,9991714128.346079,217.0
207191,257247,,,,22224319+6113092,,G,335.679962,61.219223,34.1460714796,,0.007025,-18.3177,0.10880519438432086,1671398468.9312975,217.0
218955,271119,87389.0,PGC087389,PGC087389,,,G,337.6269999999999,61.88053000000001,57.3259925278,,0.01195992598,-15.1718,0.1123493952435299,92197681.5075338,217.0
324718,428012,,,,22395512+6316429,,G,339.979706,63.27859100000001,229.262109777,,0.051455,-20.0607,0.1341842361679612,8323002019.298225,217.0
