,Unnamed: 0,PGC,GWGC,HyperLEDA,2MASS,SDSS-DR12,flag,RA,dec,Luminosity Distance,Distance Error,Redshift,Absolute B Magnitude,Luminosity_Rank,B Luminosity,Sector
114416,134676,,,HIZOAJ1539-59B,15393154-5934382,,G,234.881439,-59.57729000000001,74.470143706,,0.0166941683471,-18.7619,0.0636540816205058,2516285992.4368057,2836.0
114417,134677,,,HIZOAJ1541-58,15420520-5845037,,G,235.521667,-58.75105300000001,78.11919095430001,,0.0178716389358,-18.8658,0.06365418395181957,2768981154.6497035,2836.0
227389,279689,2800428.0,PGC2800428,PGC2800428,,,G,233.262,-56.0685,12.8531372924,,0.00447237223619,-19.125,0.1127058063509002,3515604405.2829905,2836.0
227390,279690,2800429.0,PGC2800429,PGC2800429,,,G,234.146,-56.4221,25.7370636671,,0.007867023933510001,-19.4028,0.11270597415731155,4540670626.843666,2836.0
227393,279693,2800432.0,PGC2800432,PGC2800432,,,G,235.808,-58.7577,28.1160078968,,0.008379214189609999,-20.1948,0.11270750196118608,9417161100.26496,2836.0
227395,279695,2800434.0,PGC2800434,PGC2800434,,,G,236.825,-57.268,26.4635051256,,0.00800457400229,-19.4232,0.11270811031989067,4626792255.798079,2836.0
227530,279867,2807099.0,PGC2807099,PGC2807099,,,G,233.113,-56.03234000000001,12.9779321108,,0.00451101225551,-19.126,0.11271976015070813,3518843888.209584,2836.0
