,Unnamed: 0,PGC,GWGC,HyperLEDA,2MASS,SDSS-DR12,flag,RA,dec,Luminosity Distance,Distance Error,Redshift,Absolute B Magnitude,Luminosity_Rank,B Luminosity,Sector
204520,254037,,,,16321109-3509089,,G,248.046249,-35.152477000000005,162.09421940299998,,0.037031,-20.1058,0.10784737150133117,8676009122.762775,2444.0
220156,272415,141868.0,PGC141868,PGC141868,,,G,251.787,-36.27898,92.2922751729,,0.0206915203458,-21.5558,0.11247588563389943,32985266708.548763,2444.0
323519,423742,,,,16373588-3358468,,G,249.399506,-33.979671,226.099772885,,0.050771,-20.7115,0.13230199064841544,15156537556.969841,2444.0
