,Unnamed: 0,PGC,GWGC,HyperLEDA,2MASS,SDSS-DR12,flag,RA,dec,Luminosity Distance,Distance Error,Redshift,Absolute B Magnitude,Luminosity_Rank,B Luminosity,Sector
88093,97668,,,166263,13002120-6749137,,G,195.088364,-67.82049599999999,134.37582368,,0.0311688455844,-17.4416,0.04698859024921282,745830260.5492301,2945.0
147947,182099,,,3079453,12523700-6901292,,G,193.154175,-69.024796,156.288234275,,0.035898,-20.2126,0.08338852918123879,9572822361.869123,2945.0
192806,239343,,,,12512975-6910573,,G,192.873962,-69.182602,240.21032691,,0.054208000000000006,-20.127,0.10298908238029816,8847080928.7053,2945.0
