,Unnamed: 0,PGC,GWGC,HyperLEDA,2MASS,SDSS-DR12,flag,RA,dec,Luminosity Distance,Distance Error,Redshift,Absolute B Magnitude,Luminosity_Rank,B Luminosity,Sector
11265,11766,,,1311572,19375476+0659248,,G,294.47818,6.990246000000001,91.99131979170001,,0.032441000000000005,-20.0067,0.007330025271920256,7919176089.979028,1364.0
26057,26835,,,1352767,19333427+0844158,,G,293.392792,8.737741,112.089964254,,0.0257934728967,-18.3178,0.01672634496771229,1671552417.5087447,1364.0
30119,31091,,,2MFGC15036,19372394+0636455,,G,294.349762,6.612641,90.06240003030001,,0.020477950239,-19.3927,0.0192906334377696,4498627150.358764,1364.0
43071,44591,166623.0,PGC166623,PGC166623,19375666+0723088,,G,294.486084,7.3858,101.97025711200001,,0.0227986613993,-18.8224,0.025627436896061742,2660480009.2495995,1364.0
160851,198176,,,,19354752+0620063,,G,293.948029,6.335101,173.00682294799995,,0.039298,-19.8643,0.08895334456911845,6945763632.705026,1364.0
160852,198177,,,,19382329+0653107,,G,294.597046,6.8863080000000005,107.94004673200001,,0.024337,-18.8419,0.08895344467245421,2708694338.402248,1364.0
176520,218563,,,,19380355+0650348,,G,294.514832,6.843017999999999,88.13475289780001,,0.019147,-17.7137,0.09591960448068472,958252586.127844,1364.0
188335,233792,,,,19372110+0724395,,G,294.337921,7.4109729999999985,83.6477456763,,0.018054,-18.9933,0.10110128741918854,3114009979.339741,1364.0
