,Unnamed: 0,PGC,GWGC,HyperLEDA,2MASS,SDSS-DR12,flag,RA,dec,Luminosity Distance,Distance Error,Redshift,Absolute B Magnitude,Luminosity_Rank,B Luminosity,Sector
216120,268122,,,3085721,16222962-4444511,,G,245.623444,-44.747532,104.871414049,,0.024322002161,-19.2053,0.11206727615232118,3785471667.154615,2632.0
227817,280268,3097184.0,PGC3097184,PGC3097184,,,G,245.038,-46.36119,65.6725078389,,0.0144282672141,-20.1069,0.1127377758140094,8684803566.68076,2632.0
