,Unnamed: 0,PGC,GWGC,HyperLEDA,2MASS,SDSS-DR12,flag,RA,dec,Luminosity Distance,Distance Error,Redshift,Absolute B Magnitude,Luminosity_Rank,B Luminosity,Sector
42026,43525,100101.0,PGC100101,PGC100101,11285979-5825227,,G,172.249146,-58.422997,64.1949790194,,0.014199787099899996,-21.6675,0.02532412651229545,36559479161.31254,2871.0
114313,134559,,,2MIG1611,11380432-5933276,,G,174.51800500000004,-59.557667,164.450475162,,0.0376347488174,-19.2312,0.06362821899525034,3876858945.0405545,2871.0
216191,268227,,,2MIG1642,11523245-5950248,,G,178.13523899999996,-59.840237,75.73732332899999,,0.017391158695599998,-17.5475,0.11208197461363817,822242649.9470729,2871.0
227522,279856,2807088.0,PGC2807088,PGC2807088,,,G,172.662,-58.76734,15.4405727927,,0.00521577260789,-18.1633,0.11271834978626782,1449839741.4723036,2871.0
