,Unnamed: 0,PGC,GWGC,HyperLEDA,2MASS,SDSS-DR12,flag,RA,dec,Luminosity Distance,Distance Error,Redshift,Absolute B Magnitude,Luminosity_Rank,B Luminosity,Sector
181620,225383,,,,20435702+5032583,,G,310.98761,50.549534,36.805718767399995,,0.007744,-18.8736,0.0982730814587585,2788945322.687176,412.0
181623,225386,,,,20461228+5047430,,G,311.5512080000001,50.795284,60.2396736683,,0.012884,-18.8034,0.09827391315955432,2614327552.655466,412.0
181627,225390,,,,20470955+5042321,,G,311.789825,50.70892,187.375596987,,0.041972,-20.4376,0.09827464515966253,11777144400.342005,412.0
324552,427501,,,,20441272+5041576,,G,311.05304,50.699356,217.37293804700002,,0.04888,-20.502,0.13394980031828524,12496833972.112192,412.0
