,Unnamed: 0,PGC,GWGC,HyperLEDA,2MASS,SDSS-DR12,flag,RA,dec,Luminosity Distance,Distance Error,Redshift,Absolute B Magnitude,Luminosity_Rank,B Luminosity,Sector
216192,268228,,,2MIG1958,14155209-5855348,,G,213.967056,-58.926334,75.1344635456,,0.017391158695599998,-17.5302,0.112082004520342,809244953.8789095,2875.0
216197,268233,,,HIZOAJ1414-58,14142193-5822487,,G,213.591385,-58.380196,79.7978035746,,0.018701979351,-18.322,0.1120822546348984,1678031078.2909567,2875.0
227373,279673,2800408.0,PGC2800408,PGC2800408,,,G,211.946,-58.698,42.8329443366,,0.00982422491211,-20.0189,0.11270077413842493,8008662646.273952,2875.0
227375,279675,2800411.0,PGC2800411,PGC2800411,,,G,214.012,-58.8766,72.9748849773,,0.0167827883914,-20.0059,0.11270135876505187,7913343174.588052,2875.0
