,Unnamed: 0,PGC,GWGC,HyperLEDA,2MASS,SDSS-DR12,flag,RA,dec,Luminosity Distance,Distance Error,Redshift,Absolute B Magnitude,Luminosity_Rank,B Luminosity,Sector
227822,280273,3097195.0,PGC3097195,PGC3097195,,,G,283.9790000000001,-3.224,28.0727360352,,0.00573027286514,-15.5314,0.112738170564387,128398514.73230276,1682.0
