,Unnamed: 0,PGC,GWGC,HyperLEDA,2MASS,SDSS-DR12,flag,RA,dec,Luminosity Distance,Distance Error,Redshift,Absolute B Magnitude,Luminosity_Rank,B Luminosity,Sector
43758,45292,375702.0,PGC375702,PGC375702,13372458-5852216,,G,204.352432,-58.872669,50.063603092,,0.0108672954336,-21.5776,0.02582518729568039,33654256466.378475,2874.0
111011,130195,,,3075237,13293316-5850552,,G,202.388168,-58.848679,78.0663370916,,0.0178716389358,-21.4703,0.06181915357501551,30487372704.9622,2874.0
218957,271122,87418.0,PGC087418,PGC087418,,,G,206.705,-60.40807,54.6075080663,,0.0118868459434,-17.4763,0.1123494299865613,770051905.7411156,2874.0
219510,271699,101324.0,PGC101324,PGC101324,,,G,204.386,-58.9029,52.188419284300004,,0.0113614256807,-16.7479,0.11243881182192757,393695091.37299246,2874.0
220345,272610,166308.0,PGC166308,PGC166308,,,G,203.491,-58.00907,79.77136118050001,,0.0183857191929,-21.3792,0.11250195772034506,28033672794.240948,2874.0
227366,279665,2800400.0,PGC2800400,PGC2800400,,,G,203.249,-58.08241999999999,11.493675398299999,,0.00446901223451,-17.0823,0.11269714865870872,535697969.21143246,2874.0
227367,279666,2800401.0,PGC2800401,PGC2800401,,,G,204.317,-58.5096,57.4047013469,,0.0126852663426,-20.8547,0.11269778775831472,17293384593.189804,2874.0
227368,279667,2800402.0,PGC2800402,PGC2800402,,,G,205.451,-58.81672,54.3366767827,,0.0118486259243,-20.8055,0.1126983985435776,16527227299.487282,2874.0
227529,279865,2807097.0,PGC2807097,PGC2807097,,,G,202.483,-61.846,51.498878356400006,,0.0112975856488,-20.119,0.11271963010723805,8782132798.980097,2874.0
