,Unnamed: 0,PGC,GWGC,HyperLEDA,2MASS,SDSS-DR12,flag,RA,dec,Luminosity Distance,Distance Error,Redshift,Absolute B Magnitude,Luminosity_Rank,B Luminosity,Sector
7639,8123,166273.0,PGC166273,PGC166273,13050567-5728451,,G,196.273651,-57.479221,81.4156558891,,0.018414069207,-19.8035,0.0049935871884111615,6567498768.172085,2873.0
