,Unnamed: 0,PGC,GWGC,HyperLEDA,2MASS,SDSS-DR12,flag,RA,dec,Luminosity Distance,Distance Error,Redshift,Absolute B Magnitude,Luminosity_Rank,B Luminosity,Sector
12904,13417,,,203428,19063431-0509129,,G,286.642975,-5.153588,142.54313180000003,,0.0328963064482,-19.6457,0.008408441463449764,5679106329.186449,1747.0
90702,101380,,,203476,19073246-0646289,,G,286.885284,-6.774699000000001,107.17926352100001,,0.023886041943,-18.8576,0.048945536371231946,2748147255.162563,1747.0
123662,145978,,,203718,19140921-0730441,,G,288.538391,-7.512257000000001,178.90314749400002,,0.040515,-19.5511,0.0692396433121278,5205230909.111699,1747.0
149764,184322,,,3099094,19100415-0630273,,G,287.517303,-6.507601,204.379133044,,0.046222000000000006,-19.5872,0.08430114855900568,5381210736.248582,1747.0
210813,261701,,,,19114415-0738340,,G,287.93396,-7.6427960000000015,198.600457413,,0.044926,-20.0229,0.11017492975050984,8038222066.8637705,1747.0
210814,261702,,,,19120894-0655419,,G,288.037262,-6.928324000000001,183.629058688,,0.041551,-20.6877,0.1101754777353573,14827912002.234512,1747.0
210815,261703,,,,19122941-0748198,,G,288.122559,-7.805505,233.024803077,,0.052445000000000006,-19.892,0.11017574105820906,7125248247.522675,1747.0
325923,431906,,,,19141682-0641530,,G,288.570099,-6.6980830000000005,244.924119058,,0.054833000000000014,-19.7622,0.13588013672261848,6322371336.632834,1747.0
