,Unnamed: 0,PGC,GWGC,HyperLEDA,2MASS,SDSS-DR12,flag,RA,dec,Luminosity Distance,Distance Error,Redshift,Absolute B Magnitude,Luminosity_Rank,B Luminosity,Sector
43072,44592,166633.0,PGC166633,PGC166633,19441883+1815302,,G,296.078461,18.258411,69.11280232909999,,0.0149732174866,-17.9878,0.025627482479654275,1233445599.7622335,1044.0
