,Unnamed: 0,PGC,GWGC,HyperLEDA,2MASS,SDSS-DR12,flag,RA,dec,Luminosity Distance,Distance Error,Redshift,Absolute B Magnitude,Luminosity_Rank,B Luminosity,Sector
8747,9232,,,200423,17322109-1737132,,G,263.087891,-17.62034,117.553324032,,0.0265015932508,-18.1312,0.005691075234991606,1407602404.3833876,1999.0
10776,11273,,,200502,17354019-1709095,,G,263.91747999999995,-17.152642999999998,126.44529933700001,,0.0287427143714,-20.3455,0.007008351823704202,10819320847.276638,1999.0
17301,17856,,,200419,17320324-1704216,,G,263.013519,-17.072674,117.81224506299999,,0.0266215033108,-18.056,0.011194204351243213,1313409036.5327318,1999.0
18997,19586,,,200431,17324782-1544491,,G,263.19928,-15.746995000000002,118.53555685200001,,0.0267418333709,-18.5592,0.012304608768978159,2087757247.588968,1999.0
23255,23938,,,200421,17320839-1539512,,G,263.034973,-15.664227,119.82634289,,0.0271061835531,-18.1728,0.014966992540418516,1462581244.7623494,1999.0
27835,28697,,,166518,17333524-1741156,,G,263.396851,-17.687668,127.148299154,,0.0290026945013,-18.9466,0.017876880569876918,2982908969.196137,1999.0
