,Unnamed: 0,PGC,GWGC,HyperLEDA,2MASS,SDSS-DR12,flag,RA,dec,Luminosity Distance,Distance Error,Redshift,Absolute B Magnitude,Luminosity_Rank,B Luminosity,Sector
161968,199668,,,,19314191+2955314,,G,292.924652,29.925413,206.42249168,,0.046329,-19.3178,0.08950139638512224,4198749837.097256,788.0
180514,223924,,,,19330172+3033017,,G,293.257202,30.550493,133.491634679,,0.030714,-19.6903,0.09778974242461673,5917251112.796846,788.0
