,Unnamed: 0,PGC,GWGC,HyperLEDA,2MASS,SDSS-DR12,flag,RA,dec,Luminosity Distance,Distance Error,Redshift,Absolute B Magnitude,Luminosity_Rank,B Luminosity,Sector
49201,50812,50779.0,ESO097-013,ESO097-013,14130990-6520204,,G,213.291275,-65.33901999999999,0.364058373946,,0.00098154049077,-13.7159,0.027201727677833368,24119039.01303372,2913.0
220352,272617,166334.0,PGC166334,PGC166334,,,G,214.021,-65.2509,32.9624153113,,0.008855704427850001,-19.4601,0.11250325942436627,4786741778.134446,2913.0
227374,279674,2800410.0,PGC2800410,PGC2800410,,,G,213.692,-62.9413,43.150527418100005,,0.00995505497753,-20.0049,0.11270106631712315,7906058071.605151,2913.0
227378,279678,2800414.0,PGC2800414,PGC2800414,,,G,219.008,-63.1252,13.279184581700001,,0.00465276232638,-18.4559,0.11270201485698385,1898278810.6700046,2913.0
233722,286453,50614.0,ESO097-012,ESO097-012,,,G,212.655,-65.58249,30.7222241056,,0.00838551419276,-21.5173,0.11353036629649793,31836110248.864143,2913.0
