,Unnamed: 0,PGC,GWGC,HyperLEDA,2MASS,SDSS-DR12,flag,RA,dec,Luminosity Distance,Distance Error,Redshift,Absolute B Magnitude,Luminosity_Rank,B Luminosity,Sector
2431,2906,,,207189,18360975-2505397,,G,279.04064900000003,-25.094385,99.36919253069999,,0.0217205208603,-17.6863,0.0015698084442431052,934372396.7055764,2193.0
11336,11838,,,207879,18403275-2510378,,G,280.136475,-25.177193,125.688749988,,0.028613354306700006,-20.1265,0.007383214811194066,8843007635.355198,2193.0
13567,14081,,,207500,18380767-2441365,,G,279.531982,-24.693481,127.609591765,,0.029133734566900008,-18.6204,0.008817522436137901,2208818341.887353,2193.0
16357,16900,,,207343,18370737-2447295,,G,279.280731,-24.791542,126.942307732,,0.0290026945013,-19.321,0.010603366421230857,4211143104.363196,2193.0
20408,21021,,,207647,18390815-2450568,,G,279.783966,-24.849121,125.151670355,,0.0284846242423,-18.5782,0.013184510086998944,2124613809.6714768,2193.0
