,Unnamed: 0,PGC,GWGC,HyperLEDA,2MASS,SDSS-DR12,flag,RA,dec,Luminosity Distance,Distance Error,Redshift,Absolute B Magnitude,Luminosity_Rank,B Luminosity,Sector
173109,214100,,,,12034370-6832081,,G,180.932098,-68.535599,161.048069565,,0.037011,-19.3818,0.09441065056955084,4453690157.98739,2944.0
227525,279860,2807092.0,PGC2807092,PGC2807092,,,G,183.404,-65.5605,21.6846224906,,0.00621516310758,-18.5708,0.11271871770236574,2110182417.114467,2944.0
